platform,query,page,product_name,current_price,original_price,discount,fake_discount,rating,urgency_text,has_urgency,suspicious_discount,full_text,product_url
Myntra,shoes,1,CULT Men Running Shoes,₹2441,₹4069,40% off,No,4.4,None,False,False,4.4 | 264 AD CULT Men Running Shoes Sizes: UK9 Rs. 2441 Rs. 4069 (40% OFF) VIEW SIMILAR wishlist Select a size UK9,https://www.myntra.com/sports-shoes/cult/cult-men-strix-running-shoes----blackblue/33384081/buy
Myntra,shoes,1,Reebok Women Adapt-OgBolt Train Shoes,₹1889,₹2999,37% off,No,4.3,None,False,False,4.3 | 476 AD Reebok Women Adapt-OgBolt Train Shoes Sizes: UK7 Rs. 1889 Rs. 2999 (37% OFF) VIEW SIMILAR wishlist Select a size UK7,https://www.myntra.com/sports-shoes/reebok/reebok-women-adapt-og-bolt-training-shoes/37051488/buy
Myntra,shoes,1,HRX by Hrithik Roshan Unisex Back To School Shoes,₹979,₹3699,N/A,No,4.3,None,False,False,4.3 | 3k HRX by Hrithik Roshan Unisex Back To School Shoes Sizes: UK5 Rs. 979 Rs. 3699 (Rs. 2720 OFF) VIEW SIMILAR wishlist Select a size UK5,https://www.myntra.com/casual-shoes/hrx+by+hrithik+roshan/hrx-by-hrithik-roshan-unisex-back-to-school-shoes/29553912/buy
Myntra,shoes,1,HOOH Now Comfort in Fashion Girls Frozen Printed Sneakers,₹379,₹1299,71% off,No,4.3,None,False,True,4.3 | 885 HOOH Now Comfort in Fashion Girls Frozen Printed Sneakers Sizes: 6-6.5Y Rs. 379 Rs. 1299 (71% OFF) VIEW SIMILAR wishlist Select a size 6-6.5Y,https://www.myntra.com/casual-shoes/hooh+now+comfort+in+fashion/hooh-now-comfort-in-fashion-girls-frozen-printed-sneakers/39078573/buy
Myntra,shoes,1,Campus Women PU Sneakers,₹1299,₹2799,54% off,No,4.7,None,False,False,4.7 | 163 AD NEW Campus Women PU Sneakers Sizes: UK8 Rs. 1299 Rs. 2799 (54% OFF) VIEW SIMILAR wishlist Select a size UK8,https://www.myntra.com/casual-shoes/campus/campus-ambit-women-pu-sneakers/41198819/buy
Myntra,shoes,1,HRX by Hrithik Roshan Unisex Running Shoes,₹1116,₹2999,N/A,No,4.3,None,False,False,4.3 | 5.1k HRX by Hrithik Roshan Unisex Running Shoes Sizes: UK3 Rs. 1116 Rs. 2999 (Rs. 1883 OFF) VIEW SIMILAR wishlist Select a size UK3,https://www.myntra.com/sports-shoes/hrx+by+hrithik+roshan/hrx-by-hrithik-roshan-unisex-mesh-running-non-marking-shoes/32085907/buy
Myntra,shoes,1,Stylegalaxy Women T Strap Flats,₹549,₹1799,69% off,No,N/A,None,False,False,NEW Stylegalaxy Women T Strap Flats Sizes: UK9 Rs. 549 Rs. 1799 (69% OFF) VIEW SIMILAR wishlist Select a size UK9,https://www.myntra.com/flats/stylegalaxy/stylegalaxy-women-embellished-party-t-strap-flats/42095253/buy
Myntra,shoes,1,Lotto Men Impulso Citta Sneakers,₹1478,₹4499,67% off,No,4.3,None,False,False,4.3 | 252 AD Lotto Men Impulso Citta Sneakers Sizes: UK6 Rs. 1478 Rs. 4499 (67% OFF) VIEW SIMILAR wishlist Select a size UK6,https://www.myntra.com/casual-shoes/lotto/lotto-men-impulso-citta-black-sneakers/36474506/buy
Myntra,shoes,1,Puma Skyrocket Lite 2 Running Shoes,₹2849,₹4999,43% off,No,4.3,None,False,False,4.3 | 250 Puma Skyrocket Lite 2 Running Shoes Sizes: UK11 Rs. 2849 Rs. 4999 (43% OFF) VIEW SIMILAR wishlist Select a size UK11,https://www.myntra.com/sports-shoes/puma/puma-skyrocket-lite-2-running-shoes/41856885/buy
Myntra,shoes,1,mothercare Infants Round Toe Booties,₹599,₹999,40% off,No,3.3,Only Few Left,True,False,3.3 | 6 NEW mothercare Infants Round Toe Booties Sizes: 12-18M Rs. 599 Rs. 999 (40% OFF) Only Few Left! VIEW SIMILAR wishlist Select a size 12-18M,https://www.myntra.com/booties/mothercare/mothercare-infants-round-toe-booties/40843964/buy
Myntra,shoes,1,Lotto Men Impulso Citta Sneaker,₹1478,₹4499,67% off,No,4.3,None,False,False,4.3 | 245 AD Lotto Men Impulso Citta Sneaker Sizes: UK8 Rs. 1478 Rs. 4499 (67% OFF) VIEW SIMILAR wishlist Select a size UK8,https://www.myntra.com/casual-shoes/lotto/lotto-men-impulso-citta-black-sneakers/36717180/buy
Myntra,shoes,1,aadi Mid-Top Chelsea Boots,₹553,₹1999,72% off,No,4.2,None,False,True,4.2 | 13.9k aadi Mid-Top Chelsea Boots Sizes: UK9 Rs. 553 Rs. 1999 (72% OFF) VIEW SIMILAR wishlist Select a size UK9,https://www.myntra.com/boots/aadi/aadi-men-platform-round-toe-mid-top-chelsea-boots/30757071/buy
Myntra,shoes,1,Stylegalaxy Women Open Toe Flats,₹549,₹1799,69% off,No,N/A,None,False,False,NEW Stylegalaxy Women Open Toe Flats Sizes: UK9 Rs. 549 Rs. 1799 (69% OFF) VIEW SIMILAR wishlist Select a size UK9,https://www.myntra.com/flats/stylegalaxy/stylegalaxy-women-open-toe-flats/42095244/buy
Myntra,shoes,1,ASICS Men Court Reflex Tennis Shoes,₹2699,₹5999,55% off,No,4.4,None,False,False,4.4 | 450 AD ASICS Men Court Reflex Tennis Shoes Sizes: UK9 Rs. 2699 Rs. 5999 (55% OFF) VIEW SIMILAR wishlist Select a size UK9,https://www.myntra.com/sports-shoes/asics/asics-men-court-reflex-tennis-shoes/32283940/buy
Myntra,shoes,1,HOOH Now Comfort in Fashion Unisex Kids Printed Sneakers,₹420,₹1299,68% off,No,4.5,None,False,False,4.5 | 505 NEW HOOH Now Comfort in Fashion Unisex Kids Printed Sneakers Sizes: 12-18M Rs. 420 Rs. 1299 (68% OFF) VIEW SIMILAR wishlist Select a size 12-18M,https://www.myntra.com/casual-shoes/hooh+now+comfort+in+fashion/hooh-now-comfort-in-fashion-unisex-kids-printed-sneakers/40798374/buy
Myntra,shoes,1,KIDSUN Unisex Kids Cotton Booties,₹349,₹699,50% off,No,4.5,None,False,False,4.5 | 24 KIDSUN Unisex Kids Cotton Booties Sizes: 6-12M Rs. 349 Rs. 699 (50% OFF) VIEW SIMILAR wishlist Select a size 6-12M,https://www.myntra.com/booties/kidsun/kidsun-kids-cotton-booties/38706707/buy
Myntra,shoes,1,Puma Galaxis Pro Running Shoes,₹2799,₹6999,60% off,No,4.3,None,False,False,4.3 | 5.3k AD Puma Galaxis Pro Running Shoes Sizes: UK8 Rs. 2799 Rs. 6999 (60% OFF) VIEW SIMILAR wishlist Select a size UK8,https://www.myntra.com/sports-shoes/puma/puma-galaxis-pro-men-performance-boost-running-shoes/32682454/buy
Myntra,shoes,1,HRX by Hrithik Roshan Women Running Shoes,₹1599,₹6699,N/A,No,4.5,None,False,False,4.5 | 360 HRX by Hrithik Roshan Women Running Shoes Sizes: UK3 Rs. 1599 Rs. 6699 (Rs. 5100 OFF) VIEW SIMILAR wishlist Select a size UK3,https://www.myntra.com/sports-shoes/hrx+by+hrithik+roshan/hrx-by-hrithik-roshan-women-mesh-running-non-marking-shoes/40138773/buy
Myntra,shoes,1,Stylegalaxy Women T Strap Flats,₹593,₹1799,67% off,No,N/A,None,False,False,NEW Stylegalaxy Women T Strap Flats Sizes: UK6 Rs. 593 Rs. 1799 (67% OFF) VIEW SIMILAR wishlist Select a size UK6,https://www.myntra.com/flats/stylegalaxy/stylegalaxy-women-embellished-party-open-toe-flats/42095251/buy
Myntra,shoes,1,Puma Skyrocket Lite Running Shoes,₹2099,₹4999,58% off,No,4.5,None,False,False,4.5 | 1.7k AD Puma Skyrocket Lite Running Shoes Sizes: UK7 Rs. 2099 Rs. 4999 (58% OFF) VIEW SIMILAR wishlist Select a size UK7,https://www.myntra.com/sports-shoes/puma/puma-skyrocket-lite-men-running-shoes/32588864/buy
Myntra,shoes,1,WROGN Men Walking Shoes,₹1074,₹2499,57% off,No,4.4,None,False,False,4.4 | 92 WROGN Men Walking Shoes Sizes: UK10 Rs. 1074 Rs. 2499 (57% OFF) VIEW SIMILAR wishlist Select a size UK10,https://www.myntra.com/sports-shoes/wrogn/wrogn-men-woven-design-walking-shoes/30191552/buy
Myntra,shoes,1,Sole Saga Block Mary Janes with Buckles,₹692,₹2499,72% off,No,4.5,None,False,True,4.5 | 3.3k Sole Saga Block Mary Janes with Buckles Sizes: UK4 Rs. 692 Rs. 2499 (72% OFF) VIEW SIMILAR wishlist Select a size UK4,https://www.myntra.com/heels/sole+saga/sole-saga-women-block-mary-janes-with-buckles/36820976/buy
Myntra,shoes,1,House of Pataudi Men Slip-On Formal Shoes,₹1199,₹4685,N/A,No,4.1,None,False,False,4.1 | 216 AD House of Pataudi Men Slip-On Formal Shoes Sizes: UK7 Rs. 1199 Rs. 4685 (Rs. 3486 OFF) VIEW SIMILAR wishlist Select a size UK7,https://www.myntra.com/formal-shoes/house+of+pataudi/house-of-pataudi-men-round-toe-slip-on-formal-shoes/38737952/buy
Myntra,shoes,1,DUOSOFT Women Ballerinas,₹332,₹1799,82% off,No,4.2,None,False,True,4.2 | 21 NEW DUOSOFT Women Ballerinas Sizes: UK7 Rs. 332 Rs. 1799 (82% OFF) VIEW SIMILAR wishlist Select a size UK7,https://www.myntra.com/ballerinas/duosoft/duosoft-women-ballerinas/41294310/buy
Myntra,shoes,1,Truffle Collection Party Slim Heeled Mules,₹1299,₹2599,50% off,No,N/A,None,False,False,Truffle Collection Party Slim Heeled Mules Sizes: UK3 Rs. 1299 Rs. 2599 (50% OFF) VIEW SIMILAR wishlist Select a size UK3,https://www.myntra.com/heels/truffle+collection/truffle-collection-party-slim-heeled-mules/42080205/buy
Myntra,shoes,1,Liberty Women Walking Shoes,₹999,₹3199,69% off,No,4.3,Only Few Left,True,False,4.3 | 3.4k AD Liberty Women Walking Shoes Sizes: UK7 Rs. 999 Rs. 3199 (69% OFF) Only Few Left! VIEW SIMILAR wishlist Select a size UK7,https://www.myntra.com/sports-shoes/liberty/liberty-women-walking-shoes/28164812/buy
Myntra,shoes,1,HERE&NOW Men Chelsea Boots,₹483,₹3230,N/A,No,4.2,None,False,False,4.2 | 756 HERE&NOW Men Chelsea Boots Sizes: UK6 Rs. 483 Rs. 3230 (Rs. 2747 OFF) VIEW SIMILAR wishlist Select a size UK6,https://www.myntra.com/boots/here%26now/herenow-men-chelsea-boots/38243432/buy
Myntra,shoes,1,Crazyly Boys Colourblocked Sneakers,₹407,₹2199,N/A,No,4.4,None,False,False,4.4 | 136 Crazyly Boys Colourblocked Sneakers Sizes: 3-3.5Y Rs. 407 Rs. 2199 (Rs. 1792 OFF) VIEW SIMILAR wishlist Select a size 3-3.5Y,https://www.myntra.com/casual-shoes/crazyly/crazyly-boys-colourblocked-sneakers/39696369/buy
Myntra,shoes,1,Sparx Men Training or Gym Shoes,₹1104,₹1299,15% off,No,N/A,None,False,False,AD NEW Sparx Men Training or Gym Shoes Sizes: UK9 Rs. 1104 Rs. 1299 (15% OFF) VIEW SIMILAR wishlist Select a size UK9,https://www.myntra.com/sports-shoes/sparx/sparx-men-mesh-training-or-gym-non-marking-shoes/41216169/buy
Myntra,shoes,1,Shoetopia Pointed Toe Slingback Flats,₹469,₹999,53% off,No,4.1,None,False,False,4.1 | 151 Shoetopia Pointed Toe Slingback Flats Sizes: 13-14Y Rs. 469 Rs. 999 (53% OFF) VIEW SIMILAR wishlist Select a size 13-14Y,https://www.myntra.com/flats/shoetopia/shoetopia-girls-pointed-toe-slingback-flats/22041124/buy
Myntra,shoes,1,Metro Women Synthetic Casual Shoes,₹1221,₹1490,18% off,No,N/A,None,False,False,NEW Metro Women Synthetic Casual Shoes Sizes: UK7 Rs. 1221 Rs. 1490 (18% OFF) VIEW SIMILAR wishlist Select a size UK7,https://www.myntra.com/casual-shoes/metro/metro-women-mules/41940089/buy
Myntra,shoes,1,Field Care Men Lace-up Boots,₹1527,₹3499,56% off,No,N/A,None,False,False,AD Field Care Men Lace-up Boots Sizes: UK5 Rs. 1527 Rs. 3499 (56% OFF) VIEW SIMILAR wishlist Select a size UK5,https://www.myntra.com/formal-shoes/field+care/field-care-men-black-lace-up-boots/35957758/buy
Myntra,shoes,1,Shoetopia Girls Block Sandals,₹559,₹999,44% off,No,N/A,None,False,False,4 | 37 Shoetopia Girls Block Sandals Sizes: 13-14Y Rs. 559 Rs. 999 (44% OFF) VIEW SIMILAR wishlist Select a size 13-14Y,https://www.myntra.com/heels/shoetopia/shoetopia-girls-block-sandals/33039671/buy
Myntra,shoes,1,bacca bucci Women Sneakers,₹1518,₹2999,49% off,No,N/A,None,False,False,AD NEW bacca bucci Women Sneakers Sizes: UK4 Rs. 1518 Rs. 2999 (49% OFF) VIEW SIMILAR wishlist Select a size UK4,https://www.myntra.com/casual-shoes/bacca+bucci/bacca-bucci-women-sneakers/41566798/buy
Myntra,shoes,1,toothless Kids Girls Rose Gold Flats,₹647,₹1799,64% off,No,4.3,None,False,False,4.3 | 518 toothless Kids Girls Rose Gold Flats Sizes: 5.5-6Y Rs. 647 Rs. 1799 (64% OFF) VIEW SIMILAR wishlist Select a size 5.5-6Y,https://www.myntra.com/flats/toothless/toothless-girls-rose-gold-cushioned-sole-open-toe-comfortable-daily-wear-flat-sandals/31430946/buy
Myntra,shoes,1,ASICS Unisex Tiger Runner II Shoes,₹2799,₹6999,60% off,No,4.6,Only Few Left,True,False,4.6 | 68 AD ASICS Unisex Tiger Runner II Shoes Sizes: UK7 Rs. 2799 Rs. 6999 (60% OFF) Only Few Left! VIEW SIMILAR wishlist Select a size UK7,https://www.myntra.com/sports-shoes/asics/asics-unisex-tiger-runner-ii-shoes/32284259/buy
Myntra,shoes,1,BAESD Girls Round Toe Ballerinas,₹466,₹649,28% off,No,4.4,Only Few Left,True,False,4.4 | 40 BAESD Girls Round Toe Ballerinas Sizes: 4-4.5Y Rs. 466 Rs. 649 (28% OFF) Only Few Left! VIEW SIMILAR wishlist Select a size 4-4.5Y,https://www.myntra.com/ballerinas/baesd/baesd-girls-round-toe-ballerinas/27025490/buy
Myntra,shoes,1,DUOSOFT Women Ballerinas,₹336,₹1799,81% off,No,4.2,None,False,True,4.2 | 16 NEW DUOSOFT Women Ballerinas Sizes: UK5 Rs. 336 Rs. 1799 (81% OFF) VIEW SIMILAR wishlist Select a size UK5,https://www.myntra.com/ballerinas/duosoft/duosoft-women-ballerinas/41294311/buy
Myntra,shoes,1,BOLDFIT Men Running Shoes,₹999,₹2999,N/A,No,4.1,None,False,False,4.1 | 519 AD BOLDFIT Men Running Shoes Sizes: UK9 Rs. 999 Rs. 2999 (Rs. 2000 OFF) VIEW SIMILAR wishlist Select a size UK9,https://www.myntra.com/sports-shoes/boldfit/boldfit-men-black-ignitr-running--walking-sports-shoes/31445189/buy
Myntra,shoes,1,Denill Women Open Toe Flats,₹274,₹2499,89% off,No,4.2,Only Few Left,True,True,4.2 | 8.7k Denill Women Open Toe Flats Sizes: UK4 Rs. 274 Rs. 2499 (89% OFF) Only Few Left! VIEW SIMILAR wishlist Select a size UK4,https://www.myntra.com/flats/denill/denill-women-printed-velvet-open-toe-flats-with-buckles/30655108/buy
Myntra,shoes,1,Reebok Men Glide Low Sports Shoes,₹2799,₹6999,60% off,No,N/A,None,False,False,AD NEW Reebok Men Glide Low Sports Shoes Sizes: UK7 Rs. 2799 Rs. 6999 (60% OFF) VIEW SIMILAR wishlist Select a size UK7,https://www.myntra.com/sports-shoes/reebok/reebok-men-glide-low-lace-up-sports-shoes/41288410/buy
Myntra,shoes,1,max Casual Mojaris With Bows,₹539,₹599,10% off,No,4.5,None,False,False,4.5 | 108 max Casual Mojaris With Bows Sizes: 3-3.5Y Rs. 539 Rs. 599 (10% OFF) VIEW SIMILAR wishlist Select a size 3-3.5Y,https://www.myntra.com/flats/max/max-girls-solid-casual-mojaris-with-bows/35319546/buy
Myntra,shoes,1,JM Looks Comfortable Sole heels,₹879,₹1995,56% off,No,4.4,None,False,False,4.4 | 39 JM Looks Comfortable Sole heels Sizes: 12Y Rs. 879 Rs. 1995 (56% OFF) VIEW SIMILAR wishlist Select a size 12Y,https://www.myntra.com/heels/jm+looks/jm-looks-women-fashion-comfortable-sole-heels/33168621/buy
Myntra,shoes,1,House of Pataudi Men Derbys Formal Shoes,₹1198,₹4999,76% off,No,4.1,None,False,True,4.1 | 31 AD NEW House of Pataudi Men Derbys Formal Shoes Sizes: UK8 Rs. 1198 Rs. 4999 (76% OFF) VIEW SIMILAR wishlist Select a size UK8,https://www.myntra.com/formal-shoes/house+of+pataudi/house-of-pataudi-men-round-toe-lace-ups-derbys-formal-shoes/41005170/buy
Myntra,shoes,1,Decathlon Boys Football Sports Shoes,₹1799,₹2999,40% off,No,5.5,None,False,False,Decathlon Boys Football Sports Shoes Sizes: 5.5-6Y Rs. 1799 Rs. 2999 (40% OFF) VIEW SIMILAR wishlist Select a size 5.5-6Y,https://www.myntra.com/sports-shoes/decathlon/decathlon-kipsta---kids-neon-green-160-mg-traction-football-boots/39778396/buy
Myntra,shoes,1,Minesole Girls Textured PU Casual Shoes,₹485,₹1299,63% off,No,N/A,Only Few Left,True,False,Minesole Girls Textured PU Casual Shoes Sizes: 6-9M Rs. 485 Rs. 1299 (63% OFF) Only Few Left! VIEW SIMILAR wishlist Select a size 6-9M,https://www.myntra.com/casual-shoes/minesole/minesole-girls-textured-pu-casual-shoes/42125000/buy
Myntra,shoes,1,House of Pataudi Men Leather Formal Oxfords,₹1224,₹3499,N/A,No,4.4,None,False,False,4.4 | 1.4k AD House of Pataudi Men Leather Formal Oxfords Sizes: UK7 Rs. 1224 Rs. 3499 (Rs. 2275 OFF) VIEW SIMILAR wishlist Select a size UK7,https://www.myntra.com/formal-shoes/house+of+pataudi/house-of-pataudi-men-leather-formal-oxfords/24651578/buy
Myntra,shoes,2,toothless Kids Girls Butterfly Ballerina,₹755,₹1799,58% off,No,4.3,None,False,False,4.3 | 684 toothless Kids Girls Butterfly Ballerina Sizes: 9-10Y Rs. 755 Rs. 1799 (58% OFF) VIEW SIMILAR wishlist Select a size 9-10Y,https://www.myntra.com/ballerinas/toothless/toothless-girls-pink-butterfly-design-lightweight-durable-design-occasion-wear-ballerinas/31439321/buy
Myntra,shoes,3,Lotto Men Impulso OG Sneakers,₹1393,₹3999,65% off,No,4.3,None,False,False,4.3 | 82 AD Lotto Men Impulso OG Sneakers Sizes: UK8 Rs. 1393 Rs. 3999 (65% OFF) VIEW SIMILAR wishlist Select a size UK8,https://www.myntra.com/casual-shoes/lotto/lotto-men-impulso-og-navy-blue-sneakers/36717205/buy
Myntra,shoes,3,NEEMANS Men Sneakers,₹949,₹2099,55% off,No,4.3,None,False,False,4.3 | 1.8k AD NEEMANS Men Sneakers Sizes: UK10 Rs. 949 Rs. 2099 (55% OFF) VIEW SIMILAR wishlist Select a size UK10,https://www.myntra.com/casual-shoes/neemans/neemans-men-colourblocked-sneakers/41358993/buy
Myntra,watches,1,French Connection Women Stainless Steel Watch,₹1890,₹6750,72% off,No,4.4,None,False,True,4.4 | 72 AD French Connection Women Stainless Steel Watch Sizes: Onesize Rs. 1890 Rs. 6750 (72% OFF) VIEW SIMILAR wishlist Select a size Onesize,https://www.myntra.com/watches/french+connection/french-connection-women-embellished-dial--stainless-steel-analogue-watch-fcn0118usm/31581921/buy
Myntra,watches,1,French Connection Men Watch Gift Set,₹1946,₹6950,72% off,No,4.1,None,False,True,4.1 | 103 AD French Connection Men Watch Gift Set Sizes: Onesize Rs. 1946 Rs. 6950 (72% OFF) VIEW SIMILAR wishlist Select a size Onesize,https://www.myntra.com/watch-gift-set/french+connection/french-connection-men-analogue-watch-with-leather-bracelet/25759576/buy
Myntra,watches,1,HMXT Men Leather Straps Watch,₹905,₹2199,59% off,No,N/A,None,False,False,HMXT Men Leather Straps Watch Sizes: Onesize Rs. 905 Rs. 2199 (59% OFF) VIEW SIMILAR wishlist Select a size Onesize,https://www.myntra.com/watches/hmxt/hmxt-men-dial--leather-straps-analogue-watch-hmxt-168/33071642/buy
Myntra,watches,1,CASIO Stainless Steel Straps Watch,₹26995,N/A,N/A,N/A,3.5,None,False,False,3.5 | 6 CASIO Stainless Steel Straps Watch Sizes: Onesize Rs. 26995 VIEW SIMILAR wishlist Select a size Onesize,https://www.myntra.com/watches/casio/casio-g-shock-gm-110bd-1a9dr-black-analog-digital-dial-stainless-steel-band-g1688/35017948/buy
Myntra,watches,1,French Connection Women Analog Watch,₹1870,₹5500,66% off,No,4.3,Only Few Left,True,False,4.3 | 12 AD French Connection Women Analog Watch Sizes: Onesize Rs. 1870 Rs. 5500 (66% OFF) Only Few Left! VIEW SIMILAR wishlist Select a size Onesize,https://www.myntra.com/watches/french+connection/french-connection-women-dial--statement-bracelet-style-straps-analogue-watch-fcn0188nrtm/37995082/buy
Myntra,watches,1,Fossil Men Automatic Motion Watch,₹21995,N/A,N/A,N/A,4.2,None,False,False,4.2 | 31 Fossil Men Automatic Motion Watch Sizes: Onesize Rs. 21995 VIEW SIMILAR wishlist Select a size Onesize,https://www.myntra.com/watches/fossil/fossil-men-black-dial--grey-straps-analogue-automatic-motion-powered-watch-me3218/17161942/buy
Myntra,watches,1,SEIKO Men Analogue Automatic Watch,₹27000,₹30000,10% off,No,N/A,Only Few Left,True,False,SEIKO Men Analogue Automatic Watch Sizes: Onesize Rs. 27000 Rs. 30000 (10% OFF) Only Few Left! VIEW SIMILAR wishlist Select a size Onesize,https://www.myntra.com/watches/seiko/seiko-men-bracelet-style-straps-analogue-automatic-motion-powered-watch-srpd51k1/29370414/buy
Myntra,watches,1,GIORDANO Men Bracelet Analogue Watch,₹1999,₹5450,63% off,No,4.6,None,False,False,4.6 | 60 AD GIORDANO Men Bracelet Analogue Watch Sizes: Onesize Rs. 1999 Rs. 5450 (63% OFF) VIEW SIMILAR wishlist Select a size Onesize,https://www.myntra.com/watches/giordano/giordano-men-dial--bracelet-style-straps-analogue-watch-gz-50103-02-blue/31386088/buy
Myntra,watches,1,SWADESI STUFF Men Analogue Watch,₹449,₹2995,85% off,No,N/A,None,False,True,SWADESI STUFF Men Analogue Watch Sizes: Onesize Rs. 449 Rs. 2995 (85% OFF) VIEW SIMILAR wishlist Select a size Onesize,https://www.myntra.com/watches/swadesi+stuff/swadesi-stuff-men-analogue-watch-sds-168-green-9/36197224/buy
Myntra,watches,1,CASIO Analogue and Digital Watch,₹21995,N/A,N/A,N/A,4.2,None,False,False,4.2 | 9 CASIO Analogue and Digital Watch Sizes: Onesize Rs. 21995 VIEW SIMILAR wishlist Select a size Onesize,https://www.myntra.com/watches/casio/casio-g-shock-gm-110d-8adr-silver-analog-digital-dial-stainless-steel-band-g1687/35017936/buy
Myntra,watches,1,French Connection Women Premium Watch,₹2142,₹5950,64% off,No,4.7,Only Few Left,True,False,4.7 | 6 AD French Connection Women Premium Watch Sizes: Onesize Rs. 2142 Rs. 5950 (64% OFF) Only Few Left! VIEW SIMILAR wishlist Select a size Onesize,https://www.myntra.com/watches/french+connection/french-connection-women-embellished-dial--stainless-steel-bracelet-style-straps-analogue-watch-fcu13rgm/40204458/buy
Myntra,watches,1,SHRINATHJI GROUPS Men Leather Straps Watch,₹1169,₹5999,81% off,No,N/A,None,False,True,NEW SHRINATHJI GROUPS Men Leather Straps Watch Sizes: Onesize Rs. 1169 Rs. 5999 (81% OFF) VIEW SIMILAR wishlist Select a size Onesize,https://www.myntra.com/watches/shrinathji+groups/shrinathji-groups-men-dial--leather-straps-analogue-watch-lr05-lr59/42089843/buy
Myntra,watches,1,SWADESI STUFF Men Watch,₹449,₹2995,85% off,No,N/A,None,False,True,SWADESI STUFF Men Watch Sizes: Onesize Rs. 449 Rs. 2995 (85% OFF) VIEW SIMILAR wishlist Select a size Onesize,https://www.myntra.com/watches/swadesi+stuff/swadesi-stuff-men-dial--straps-analogue-watch-sds-168-red/36197058/buy
Myntra,watches,1,Daniel Hechter Men Octagon Dial Watch,₹1799,₹4950,64% off,No,4.6,None,False,False,4.6 | 21 AD Daniel Hechter Men Octagon Dial Watch Sizes: Onesize Rs. 1799 Rs. 4950 (64% OFF) VIEW SIMILAR wishlist Select a size Onesize,https://www.myntra.com/watches/daniel+hechter/daniel-hechter-paris-rivoli-collection-watch-with-octagon-dial--silicon-band/36801339/buy
Myntra,watches,1,Timex Women Floral Analogue Watch,₹2660,₹3695,28% off,No,4.6,Only Few Left,True,False,4.6 | 22 Timex Women Floral Analogue Watch Sizes: Onesize Rs. 2660 Rs. 3695 (28% OFF) Only Few Left! VIEW SIMILAR wishlist Select a size Onesize,https://www.myntra.com/watches/timex/timex-women-floral-textured-dial-analogue-watch---twel107smu25/35898569/buy
Myntra,watches,1,Timex Women Floral Analogue Watch,₹1782,₹3495,49% off,No,4.5,Only Few Left,True,False,4.5 | 8 Timex Women Floral Analogue Watch Sizes: Onesize Rs. 1782 Rs. 3495 (49% OFF) Only Few Left! VIEW SIMILAR wishlist Select a size Onesize,https://www.myntra.com/watches/timex/timex-women-floral-textured-dial-analogue-watch---twel107smu22/35898567/buy
Myntra,watches,1,French Connection Stainless Steel Analogue Watch,₹1677,₹6450,74% off,No,N/A,None,False,True,4 | 35 AD French Connection Stainless Steel Analogue Watch Sizes: Onesize Rs. 1677 Rs. 6450 (74% OFF) VIEW SIMILAR wishlist Select a size Onesize,https://www.myntra.com/watches/french+connection/french-connection-women-stainless-steel-analogue-watch-fcn0115urgm/31581919/buy
Myntra,watches,1,Naviforce Men Stainless Steel Straps Chronograph Watch,₹3095,₹8155,62% off,No,4.6,None,False,False,4.6 | 31 Naviforce Men Stainless Steel Straps Chronograph Watch Sizes: Onesize Rs. 3095 Rs. 8155 (62% OFF) VIEW SIMILAR wishlist Select a size Onesize,https://www.myntra.com/watches/naviforce/naviforce-men-embellished-dial--stainless-steel-straps-analogue-chronograph-watch-nf8066b-rg-b/32884271/buy
Myntra,watches,1,GIORDANO Women Watch Gift Set,₹3299,₹7250,54% off,No,3.9,Only Few Left,True,False,3.9 | 14 AD GIORDANO Women Watch Gift Set Sizes: Onesize Rs. 3299 Rs. 7250 (54% OFF) Only Few Left! VIEW SIMILAR wishlist Select a size Onesize,https://www.myntra.com/watch-gift-set/giordano/giordano-analog-watch-with-for-women--cut-glass-square-dial-and-stainless-steel-strap/37137777/buy
Myntra,watches,1,DIESEL Men Stainless Steel Watch,₹32495,N/A,N/A,N/A,N/A,None,False,False,DIESEL Men Stainless Steel Watch Sizes: Onesize Rs. 32495 VIEW SIMILAR wishlist Select a size Onesize,https://www.myntra.com/watches/diesel/diesel-men-dial--stainless-steel-straps-analogue-watch-dz7487/32580957/buy
Myntra,watches,1,GIORDANO Men Stainless Steel Straps Watch,₹1799,₹7450,76% off,No,N/A,None,False,True,AD GIORDANO Men Stainless Steel Straps Watch Sizes: Onesize Rs. 1799 Rs. 7450 (76% OFF) VIEW SIMILAR wishlist Select a size Onesize,https://www.myntra.com/watches/giordano/giordano-men-printed-dial--stainless-steel-wrap-around-straps-analogue-watch-gz-50115-22/32550535/buy
Myntra,watches,1,DIESEL Men Chronograph Watch,₹32495,N/A,N/A,N/A,N/A,Only Few Left,True,False,DIESEL Men Chronograph Watch Sizes: Onesize Rs. 32495 Only Few Left! VIEW SIMILAR wishlist Select a size Onesize,https://www.myntra.com/watches/diesel/diesel-men-mr-daddy-slim-analogue-chronograph-watch-dz7487i/33198303/buy
Myntra,watches,1,D'SIGNER Men Stainless Steel Watch,₹11996,₹14995,20% off,No,N/A,Only Few Left,True,False,D'SIGNER Men Stainless Steel Watch Sizes: Onesize Rs. 11996 Rs. 14995 (20% OFF) Only Few Left! VIEW SIMILAR wishlist Select a size Onesize,https://www.myntra.com/watches/d%27signer/dsigner-men-stainless-steel-bracelet-style-analogue-multi-function-watch-916sbtm2g/37160827/buy
Myntra,watches,1,French Connection Men Leather Straps Watch,₹2205,₹5250,58% off,No,4.1,Only Few Left,True,False,4.1 | 29 AD French Connection Men Leather Straps Watch Sizes: Onesize Rs. 2205 Rs. 5250 (58% OFF) Only Few Left! VIEW SIMILAR wishlist Select a size Onesize,https://www.myntra.com/watches/french+connection/french-connection-men-embellished-dial--leather-analogue-watch-fcn0148ul/33743938/buy
Myntra,watches,1,Invicta Men Analogue Watch,₹8820,₹24000,63% off,No,N/A,Only Few Left,True,False,Invicta Men Analogue Watch Sizes: Onesize Rs. 8820 Rs. 24000 (63% OFF) Only Few Left! VIEW SIMILAR wishlist Select a size Onesize,https://www.myntra.com/watches/invicta/invicta-racing-men-dial--straps-analogue-watch-48872-/34845713/buy
Myntra,watches,1,Naviforce Men Stainless Steel Straps Chronograph Watch,₹3532,₹8155,57% off,No,4.6,None,False,False,4.6 | 23 Naviforce Men Stainless Steel Straps Chronograph Watch Sizes: Onesize Rs. 3532 Rs. 8155 (57% OFF) VIEW SIMILAR wishlist Select a size Onesize,https://www.myntra.com/watches/naviforce/naviforce-men-patterned-dial--stainless-steel-straps-analogue-chronograph-watch-nf8066b-gn-b/32884267/buy
Myntra,watches,1,French Connection Men Leather Straps Watch,₹1199,₹5450,78% off,No,4.3,None,False,True,4.3 | 45 AD French Connection Men Leather Straps Watch Sizes: Onesize Rs. 1199 Rs. 5450 (78% OFF) VIEW SIMILAR wishlist Select a size Onesize,https://www.myntra.com/watches/french+connection/french-connection-men-dial--leather-wrap-around-straps-analogue-watch-fcn0148nl/33743944/buy
Myntra,watches,1,Naviforce Men Stainless Steel Straps Chronograph Watch,₹3496,₹8155,57% off,No,4.4,None,False,False,4.4 | 19 Naviforce Men Stainless Steel Straps Chronograph Watch Sizes: Onesize Rs. 3496 Rs. 8155 (57% OFF) VIEW SIMILAR wishlist Select a size Onesize,https://www.myntra.com/watches/naviforce/naviforce-men-embellished-dial--stainless-steel-straps-analogue-chronograph-watch-nf8066b-b-b/32884270/buy
Myntra,watches,1,SWADESI STUFF Bracelet Style Analogue Watch,₹449,₹2995,85% off,No,N/A,None,False,True,SWADESI STUFF Bracelet Style Analogue Watch Sizes: Onesize Rs. 449 Rs. 2995 (85% OFF) VIEW SIMILAR wishlist Select a size Onesize,https://www.myntra.com/watches/swadesi+stuff/swadesi-stuff-men-round-dial--bracelet-style-straps-analogue-watch-sds-168-black-9/36197232/buy
Myntra,watches,1,Daniel Hechter Paris watch,₹1999,₹4950,60% off,No,N/A,None,False,False,4 | 6 AD Daniel Hechter Paris watch Sizes: Onesize Rs. 1999 Rs. 4950 (60% OFF) VIEW SIMILAR wishlist Select a size Onesize,https://www.myntra.com/watches/daniel+hechter/daniel-hechter-men-dial--straps-analogue-date-aperture-watch-dhm1003-08/39442786/buy
Myntra,watches,1,SHRINATHJI GROUPS Men Watch,₹1169,₹5999,81% off,No,N/A,None,False,True,NEW SHRINATHJI GROUPS Men Watch Sizes: Onesize Rs. 1169 Rs. 5999 (81% OFF) VIEW SIMILAR wishlist Select a size Onesize,https://www.myntra.com/watches/shrinathji+groups/shrinathji-groups-men-dial--straps-analogue-watch-lr17-lr125/42092007/buy
Myntra,watches,1,Daniel Hechter Daniel hechter analoge watch,₹1999,₹4450,55% off,No,N/A,None,False,False,AD Daniel Hechter Daniel hechter analoge watch Sizes: Onesize Rs. 1999 Rs. 4450 (55% OFF) VIEW SIMILAR wishlist Select a size Onesize,https://www.myntra.com/watches/daniel+hechter/daniel-hechter-men-patterned-dial--straps-analogue-date-aperture-watch-dhm1008-02x/42693613/buy
Myntra,watches,1,SWADESI STUFF Men Dial & Straps Watch,₹449,₹2995,85% off,No,4.5,None,False,True,4.5 | 15 SWADESI STUFF Men Dial & Straps Watch Sizes: Onesize Rs. 449 Rs. 2995 (85% OFF) VIEW SIMILAR wishlist Select a size Onesize,https://www.myntra.com/watches/swadesi+stuff/swadesi-stuff-men-dial--straps-analogue-watch-sds-168-blue/36197063/buy
Myntra,watches,1,D'SIGNER Men Multi Function Watch,₹11996,₹14995,20% off,No,N/A,Only Few Left,True,False,D'SIGNER Men Multi Function Watch Sizes: Onesize Rs. 11996 Rs. 14995 (20% OFF) Only Few Left! VIEW SIMILAR wishlist Select a size Onesize,https://www.myntra.com/watches/d%27signer/dsigner-men-stainless-steel-bracelet-style-straps-analogue-multi-function-watch-916blm5g/37160832/buy
Myntra,watches,1,French Connection Women Premium Watch,₹1995,₹5250,62% off,No,N/A,Only Few Left,True,False,AD French Connection Women Premium Watch Sizes: Onesize Rs. 1995 Rs. 5250 (62% OFF) Only Few Left! VIEW SIMILAR wishlist Select a size Onesize,https://www.myntra.com/watches/french+connection/french-connection-women-dial--leather-straps-analogue-watch-fcu13grl/40204448/buy
Myntra,watches,1,GIORDANO Women Analogue Watch,₹1999,₹7390,73% off,No,4.1,None,False,True,4.1 | 21 AD GIORDANO Women Analogue Watch Sizes: Onesize Rs. 1999 Rs. 7390 (73% OFF) VIEW SIMILAR wishlist Select a size Onesize,https://www.myntra.com/watches/giordano/giordano-eleganza-collection-women-round-diamond-set-with-metal-strap-analog-watch/30137431/buy
Myntra,watches,1,D'SIGNER Bracelet Style Analogue Watch,₹11996,₹14995,20% off,No,N/A,None,False,False,D'SIGNER Bracelet Style Analogue Watch Sizes: Onesize Rs. 11996 Rs. 14995 (20% OFF) VIEW SIMILAR wishlist Select a size Onesize,https://www.myntra.com/watches/d%27signer/dsigner-men-stainless-steel-bracelet-style-straps-analogue-multi-function-watch-916bm3g/37160829/buy
Myntra,watches,1,SHRINATHJI GROUPS Men Date Aperture Watch,₹1169,₹5999,81% off,No,N/A,None,False,True,NEW SHRINATHJI GROUPS Men Date Aperture Watch Sizes: Onesize Rs. 1169 Rs. 5999 (81% OFF) VIEW SIMILAR wishlist Select a size Onesize,https://www.myntra.com/watches/shrinathji+groups/shrinathji-groups-men-printed-dial--straps-analogue-date-aperture-watch-lr07-lr142/42091488/buy
Myntra,watches,1,SANSIMAYO Men Quartz Analogue Watch,₹6680,N/A,N/A,N/A,N/A,None,False,False,SANSIMAYO Men Quartz Analogue Watch Sizes: Onesize Rs. 6680 VIEW SIMILAR wishlist Select a size Onesize,https://www.myntra.com/watches/sansimayo/sansimayo-uicto-men-quartz-analogue-watch-sm-m-168-br-g-g/36616168/buy
Myntra,watches,1,LONDON FOG London Fog Oxford Watch,₹1449,₹2990,52% off,No,N/A,None,False,False,AD LONDON FOG London Fog Oxford Watch Sizes: Onesize Rs. 1449 Rs. 2990 (52% OFF) VIEW SIMILAR wishlist Select a size Onesize,https://www.myntra.com/watches/london+fog/london-fog-men-dial--stainless-steel-bracelet-style-straps-analogue-watch-lfm10008-22/40327494/buy
Myntra,watches,1,SANSIMAYO Men Watch,₹6680,N/A,N/A,N/A,N/A,None,False,False,SANSIMAYO Men Watch Sizes: Onesize Rs. 6680 VIEW SIMILAR wishlist Select a size Onesize,https://www.myntra.com/watches/sansimayo/sansimayo-uicto-men-dial--bracelet-style-straps-analogue-watch-sm-m-168-b-g-b/36616166/buy
Myntra,watches,1,SWADESI STUFF Men Patterned Dial Watch,₹449,₹2995,85% off,No,N/A,None,False,True,SWADESI STUFF Men Patterned Dial Watch Sizes: Onesize Rs. 449 Rs. 2995 (85% OFF) VIEW SIMILAR wishlist Select a size Onesize,https://www.myntra.com/watches/swadesi+stuff/swadesi-stuff-men-patterned-dial--bracelet-style-straps-analogue-watch-sds-168-red-9/36197233/buy
Myntra,watches,1,Daniel Hechter Men Watch,₹2199,₹4899,55% off,No,4.2,None,False,False,4.2 | 16 AD Daniel Hechter Men Watch Sizes: Onesize Rs. 2199 Rs. 4899 (55% OFF) VIEW SIMILAR wishlist Select a size Onesize,https://www.myntra.com/watches/daniel+hechter/daniel-hechter-men-bracelet-style-straps-analogue-watch-dhm1021-01/36689156/buy
Myntra,watches,2,French Connection Men Reset Time Watch,₹1155,₹5250,78% off,No,4.3,None,False,True,4.3 | 57 AD French Connection Men Reset Time Watch Sizes: Onesize Rs. 1155 Rs. 5250 (78% OFF) VIEW SIMILAR wishlist Select a size Onesize,https://www.myntra.com/watches/french+connection/french-connection-men-dial--around-straps-reset-time-analogue-watch-fcn0148brl/33743941/buy
Myntra,watches,2,French Connection Women Analogue Watch,₹1812,₹7250,75% off,No,4.3,None,False,True,4.3 | 339 AD French Connection Women Analogue Watch Sizes: Onesize Rs. 1812 Rs. 7250 (75% OFF) VIEW SIMILAR wishlist Select a size Onesize,https://www.myntra.com/watches/french+connection/french-connection-women-embellished-dial-analogue-watch-fcn054c/25825864/buy
Myntra,watches,2,LONDON FOG London Fog Oxford Watch,₹1899,₹3990,52% off,No,4.8,None,False,False,4.8 | 5 AD LONDON FOG London Fog Oxford Watch Sizes: Onesize Rs. 1899 Rs. 3990 (52% OFF) VIEW SIMILAR wishlist Select a size Onesize,https://www.myntra.com/watches/london+fog/london-fog-men-embellished-dial--straps-analogue-chronograph-watch-lfm10003-02/40327470/buy
Myntra,watches,2,French Connection Women Straps Watch,₹1741,₹6450,73% off,No,3.9,Only Few Left,True,True,3.9 | 16 AD French Connection Women Straps Watch Sizes: Onesize Rs. 1741 Rs. 6450 (73% OFF) Only Few Left! VIEW SIMILAR wishlist Select a size Onesize,https://www.myntra.com/watches/french+connection/french-connection-women-embellished-dial--bracelet-style-straps-analogue-watch-fcn0117sm-u/31581915/buy
Myntra,watches,2,French Connection Men Analogue  Watch,₹2086,₹7450,72% off,No,4.4,None,False,True,4.4 | 17 AD French Connection Men Analogue  Watch Sizes: Onesize Rs. 2086 Rs. 7450 (72% OFF) VIEW SIMILAR wishlist Select a size Onesize,https://www.myntra.com/watches/french+connection/french-connection-men-stainless-steel-straps-analogue-watch-fcw08gm/26467308/buy
Myntra,watches,2,French Connection Men Analog Watch Gift Set,₹2465,₹7250,66% off,No,4.3,None,False,False,4.3 | 123 AD French Connection Men Analog Watch Gift Set Sizes: Onesize Rs. 2465 Rs. 7250 (66% OFF) VIEW SIMILAR wishlist Select a size Onesize,https://www.myntra.com/watch-gift-set/french+connection/french-connection-men-analog-watch-with-bracelet-gift-set-fcw01gm/25670850/buy
Myntra,watches,2,SALTY Square Dial Analogue Watch,₹1395,₹3098,55% off,No,N/A,Only Few Left,True,False,AD SALTY Square Dial Analogue Watch Sizes: Onesize Rs. 1395 Rs. 3098 (55% OFF) Only Few Left! VIEW SIMILAR wishlist Select a size Onesize,https://www.myntra.com/watches/salty/salty-women-square-dial-analogue-watch-wt-s-0006-s-bu/36018735/buy
Myntra,bags,1,ZOUK Women Structured Tote Bag,₹1695,₹5465,69% off,No,4.6,None,False,False,4.6 | 4.7k AD ZOUK Women Structured Tote Bag Sizes: Onesize Rs. 1695 Rs. 5465 (69% OFF) VIEW SIMILAR wishlist Select a size Onesize,https://www.myntra.com/handbags/zouk/zouk--women-printed-structured-tote-bag/30944250/buy
Myntra,bags,1,Exotic Women Textured Shoulder Bag,₹1709,₹5999,72% off,No,4.2,None,False,True,4.2 | 82 AD Exotic Women Textured Shoulder Bag Sizes: L Rs. 1709 Rs. 5999 (72% OFF) VIEW SIMILAR wishlist Select a size L,https://www.myntra.com/handbags/exotic/exotic-women-textured-structured-shoulder-bag/36079985/buy
Myntra,bags,1,WROGN Unisex Duffle Bag 40 L,₹958,₹3999,76% off,No,4.5,None,False,True,4.5 | 64 WROGN Unisex Duffle Bag 40 L Sizes: Onesize Rs. 958 Rs. 3999 (76% OFF) VIEW SIMILAR wishlist Select a size Onesize,https://www.myntra.com/duffel-bag/wrogn/wrogn-large-sports-or-gym-duffel-bag-40-l/34177555/buy
Myntra,bags,1,Mast & Harbour Unisex Textured Laptop Bag,₹699,₹2499,N/A,No,N/A,None,False,False,"4 | 7 Mast & Harbour Unisex Textured Laptop Bag Sizes: Upto 14"" Rs. 699 Rs. 2499 (Rs. 1800 OFF) VIEW SIMILAR wishlist Select a size Upto 14""",https://www.myntra.com/laptop-bag/mast+%26+harbour/mast--harbour-unisex-textured-laptop-bag/39416959/buy
Myntra,bags,1,Safari Zuno Suitcase,₹1549,₹9899,N/A,No,4.3,None,False,False,4.3 | 925 AD Safari Zuno Suitcase Sizes: S Rs. 1549 Rs. 9899 (Rs. 8350 OFF) VIEW SIMILAR wishlist Select a size S,https://www.myntra.com/trolley-bag/safari/safari-zuno-champagne-hard-sided-8-wheel-cabin-trolley-bag-suitcase/41463731/buy
Myntra,bags,1,Jack & Jones Shopper Sling Bag,₹699,₹999,30% off,No,4.3,None,False,False,4.3 | 816 Jack & Jones Shopper Sling Bag Sizes: Onesize Rs. 699 Rs. 999 (30% OFF) VIEW SIMILAR wishlist Select a size Onesize,https://www.myntra.com/handbags/jack+%26+jones/jack--jones-printed-shopper-sling-bag/30737856/buy
Myntra,bags,1,WROGN Unisex Backpack with USB Port 23L,₹524,₹3499,85% off,No,4.3,None,False,True,4.3 | 9.7k WROGN Unisex Backpack with USB Port 23L Sizes: 40 L Rs. 524 Rs. 3499 (85% OFF) VIEW SIMILAR wishlist Select a size 40 L,https://www.myntra.com/backpacks/wrogn/wrogn-unisex-backpack-with-usb-charging-port-23l/23849642/buy
Myntra,bags,1,ZOUK Structured Handheld Bag,₹1515,₹5249,71% off,No,4.6,None,False,True,4.6 | 3.7k AD ZOUK Structured Handheld Bag Sizes: Onesize Rs. 1515 Rs. 5249 (71% OFF) VIEW SIMILAR wishlist Select a size Onesize,https://www.myntra.com/handbags/zouk/zouk-floral-structured-handheld-bag/24921374/buy
Myntra,bags,1,Marks & Spencer Women Leather Foldover Clutch,₹1249,₹2499,50% off,No,4.4,None,False,False,4.4 | 11 Marks & Spencer Women Leather Foldover Clutch Sizes: Onesize Rs. 1249 Rs. 2499 (50% OFF) VIEW SIMILAR wishlist Select a size Onesize,https://www.myntra.com/clutches/marks+%26+spencer/marks--spencer-small-leather-foldover-purse/32185572/buy
Myntra,bags,1,WROGN X fwd Unisex Backpacks 45 L,₹719,₹3599,N/A,No,4.5,Only Few Left,True,False,4.5 | 1.6k WROGN X fwd Unisex Backpacks 45 L Sizes: Onesize Rs. 719 Rs. 3599 (Rs. 2880 OFF) Only Few Left! VIEW SIMILAR wishlist Select a size Onesize,https://www.myntra.com/backpacks/wrogn+x+fwd/wrogn-x-fwd-unisex-ergonomic-shoulder-strap-backpack-up-to-18-inch-45-l/28966610/buy
Myntra,bags,1,ZOUK Printed Leather Shoulder Bag,₹1499,₹4863,N/A,No,4.6,None,False,False,4.6 | 17.5k AD ZOUK Printed Leather Shoulder Bag Sizes: Onesize Rs. 1499 Rs. 4863 (Rs. 3364 OFF) VIEW SIMILAR wishlist Select a size Onesize,https://www.myntra.com/handbags/zouk/zouk-women-handicraft-fabric--vegan-leather-shoulder-tote-bag/12643220/buy
Myntra,bags,1,MomsyStore Women Leather Backpacks,₹999,₹2799,64% off,No,N/A,None,False,False,MomsyStore Women Leather Backpacks Sizes: Onesize Rs. 999 Rs. 2799 (64% OFF) VIEW SIMILAR wishlist Select a size Onesize,https://www.myntra.com/backpacks/momsystore/momsystore-women-graphic-backpack/41919451/buy
Myntra,bags,1,Gulaab Jaipur Cotton Quilted Tote Bag,₹1099,₹2399,54% off,No,4.2,None,False,False,4.2 | 6 Gulaab Jaipur Cotton Quilted Tote Bag Sizes: Onesize Rs. 1099 Rs. 2399 (54% OFF) VIEW SIMILAR wishlist Select a size Onesize,https://www.myntra.com/handbags/gulaab+jaipur/gulaab-jaipur-animal-printed-cotton-quilted-tote-bag/34361096/buy
Myntra,bags,1,Safari Zuno Suitcase,₹1999,₹11999,N/A,No,4.3,None,False,False,4.3 | 1.6k AD Safari Zuno Suitcase Sizes: M Rs. 1999 Rs. 11999 (Rs. 10000 OFF) VIEW SIMILAR wishlist Select a size M,https://www.myntra.com/trolley-bag/safari/safari-zuno-champagne-hard-sided-8-wheel-medium-trolley-bag-suitcase/41463732/buy
Myntra,bags,1,Levis Sling Bag,₹1516,₹3369,55% off,No,N/A,None,False,False,Levis Sling Bag Sizes: Onesize Rs. 1516 Rs. 3369 (55% OFF) VIEW SIMILAR wishlist Select a size Onesize,https://www.myntra.com/handbags/levis/levis-unisex-black-solid-crossbody-bag/37531852/buy
Myntra,bags,1,Allen Solly Herringbone Printed Backpack,₹1443,₹3799,62% off,No,4.6,Only Few Left,True,False,4.6 | 146 Allen Solly Herringbone Printed Backpack Sizes: Onesize Rs. 1443 Rs. 3799 (62% OFF) Only Few Left! VIEW SIMILAR wishlist Select a size Onesize,https://www.myntra.com/backpacks/allen+solly/allen-solly-women-herringbone-printed-backpack/30918883/buy
Myntra,bags,1,Wildcraft Women Graphic Backpack,₹397,₹1599,N/A,No,4.4,None,False,False,4.4 | 54.9k AD Wildcraft Women Graphic Backpack Sizes: Onesize Rs. 397 Rs. 1599 (Rs. 1202 OFF) VIEW SIMILAR wishlist Select a size Onesize,https://www.myntra.com/backpacks/wildcraft/wildcraft-women-blue-graphic-backpack/10293735/buy
Myntra,bags,1,SWISS HORN Men Chest Backpack,₹599,₹1999,70% off,No,4.4,None,False,True,4.4 | 257 SWISS HORN Men Chest Backpack Sizes: Onesize Rs. 599 Rs. 1999 (70% OFF) VIEW SIMILAR wishlist Select a size Onesize,https://www.myntra.com/handbags/swiss+horn/swiss-horn-men-antitheft-waterproof-chest-backpack/35277390/buy
Myntra,bags,1,SPOTIC Men Textured Sling Bag,₹497,₹2499,80% off,No,4.3,None,False,True,4.3 | 106 SPOTIC Men Textured Sling Bag Sizes: S Rs. 497 Rs. 2499 (80% OFF) VIEW SIMILAR wishlist Select a size S,https://www.myntra.com/handbags/spotic/spotic-men-textured-crossbody-sling-bag/31818228/buy
Myntra,bags,1,DailyObjects Beige Pedal Daypack,₹1349,₹2499,46% off,No,4.5,None,False,False,4.5 | 1.2k AD DailyObjects Beige Pedal Daypack Sizes: Onesize Rs. 1349 Rs. 2499 (46% OFF) VIEW SIMILAR wishlist Select a size Onesize,https://www.myntra.com/backpacks/dailyobjects/dailyobjects-beige-pedal-daypack/26292760/buy
Myntra,bags,1,PROGONE ENTERPRISE Men Solid Crossbody Backpack,₹561,₹2500,78% off,No,4.2,None,False,True,4.2 | 499 PROGONE ENTERPRISE Men Solid Crossbody Backpack Sizes: Onesize Rs. 561 Rs. 2500 (78% OFF) VIEW SIMILAR wishlist Select a size Onesize,https://www.myntra.com/backpacks/progone+enterprise/progone-enterprise-men-solid-crossbody-compact-travel-backpack/36786056/buy
Myntra,bags,1,Spinsell Women Leather Backpacks,₹999,₹1999,50% off,No,N/A,None,False,False,Spinsell Women Leather Backpacks Sizes: Onesize Rs. 999 Rs. 1999 (50% OFF) VIEW SIMILAR wishlist Select a size Onesize,https://www.myntra.com/backpacks/spinsell/spinsell-women-graphic-backpack/41920832/buy
Myntra,bags,1,IRTH by House of Titan Reese Cherry Red Sling Bag,₹1747,₹3495,50% off,No,4.9,None,False,False,4.9 | 24 AD IRTH by House of Titan Reese Cherry Red Sling Bag Sizes: S Rs. 1747 Rs. 3495 (50% OFF) VIEW SIMILAR wishlist Select a size S,https://www.myntra.com/handbags/irth+by+house+of+titan/irth-by-house-of-titan-reese-cherry-red-sling-bag/39233961/buy
Myntra,bags,1,Jack & Jones Structured Sling Bag,₹999,N/A,N/A,N/A,4.3,Only Few Left,True,False,4.3 | 816 Jack & Jones Structured Sling Bag Sizes: Onesize Rs. 999 Only Few Left! VIEW SIMILAR wishlist Select a size Onesize,https://www.myntra.com/handbags/jack+%26+jones/jack--jones-printed-structured-sling-bag/30737860/buy
Myntra,bags,1,Caprese Structured Satchel & Quilted,₹699,₹3499,80% off,No,4.5,Only Few Left,True,True,4.5 | 76 AD Caprese Structured Satchel & Quilted Sizes: M Rs. 699 Rs. 3499 (80% OFF) Only Few Left! VIEW SIMILAR wishlist Select a size M,https://www.myntra.com/handbags/caprese/caprese-structured-satchel-with-quilted/36734660/buy
Myntra,bags,1,UnfoldSelf Sling Clutch,₹749,₹3999,81% off,No,N/A,Only Few Left,True,True,UnfoldSelf Sling Clutch Sizes: Onesize Rs. 749 Rs. 3999 (81% OFF) Only Few Left! VIEW SIMILAR wishlist Select a size Onesize,https://www.myntra.com/clutches/unfoldself/unfoldself-mini-pearls-kundan-clutch/42546126/buy
Myntra,bags,1,Safari Hard-Sided Medium Trolley Bag,₹2149,₹11999,82% off,No,4.2,None,False,True,4.2 | 182 Safari Hard-Sided Medium Trolley Bag Sizes: M Rs. 2149 Rs. 11999 (82% OFF) VIEW SIMILAR wishlist Select a size M,https://www.myntra.com/trolley-bag/safari/safari-luma-neo-printed-hard-sided-medium-trolley-bag/36105030/buy
Myntra,bags,1,Exotic Structured Handheld Bag,₹1099,₹2299,52% off,No,4.7,None,False,False,4.7 | 10 AD Exotic Structured Handheld Bag Sizes: S/M Rs. 1099 Rs. 2299 (52% OFF) VIEW SIMILAR wishlist Select a size S/M,https://www.myntra.com/handbags/exotic/exotic-printed-structured-handheld-bag/41897745/buy
Myntra,bags,1,Alt by Zouk Leather Bucket Handheld Bag,₹1214,₹3356,64% off,No,4.5,None,False,False,4.5 | 299 Alt by Zouk Leather Bucket Handheld Bag Sizes: Onesize Rs. 1214 Rs. 3356 (64% OFF) VIEW SIMILAR wishlist Select a size Onesize,https://www.myntra.com/handbags/alt+by+zouk/alt-by-zouk--kashmir-blooms-floral-printed-leather-bucket-handheld-bag/34008214/buy
Myntra,bags,1,Alt by Zouk Floral Leather Handheld Bag,₹1214,₹3356,64% off,No,4.5,None,False,False,4.5 | 304 Alt by Zouk Floral Leather Handheld Bag Sizes: Onesize Rs. 1214 Rs. 3356 (64% OFF) VIEW SIMILAR wishlist Select a size Onesize,https://www.myntra.com/handbags/alt+by+zouk/alt-by-zouk--floral-printed-leather-half-moon-handheld-bag/34008218/buy
Myntra,bags,1,Safari Set Of 2 Trolley Suitcase,₹3749,₹19898,N/A,No,4.4,None,False,False,4.4 | 1.9k AD Safari Set Of 2 Trolley Suitcase Sizes: Pack Rs. 3749 Rs. 19898 (Rs. 16149 OFF) VIEW SIMILAR wishlist Select a size Pack,https://www.myntra.com/trolley-bag/safari/safari-accent-green-set-of-2-hard-side-8-wheel-cabin--medium-trolley-bag-suitcase/30096882/buy
Myntra,bags,1,uppercase Flux Sling Bag for Men & Women,₹1199,₹1500,20% off,No,N/A,None,False,False,NEW uppercase Flux Sling Bag for Men & Women Sizes: Onesize Rs. 1199 Rs. 1500 (20% OFF) VIEW SIMILAR wishlist Select a size Onesize,https://www.myntra.com/handbags/uppercase/uppercase-sling-bag/42076396/buy
Myntra,bags,1,FOR THE BEAUTIFUL YOU Embroidered Box Clutch,₹1080,₹2499,57% off,No,4.5,None,False,False,4.5 | 337 FOR THE BEAUTIFUL YOU Embroidered Box Clutch Sizes: Onesize Rs. 1080 Rs. 2499 (57% OFF) VIEW SIMILAR wishlist Select a size Onesize,https://www.myntra.com/clutches/for+the+beautiful+you/for-the-beautiful-you-embroidered-box-clutch/36979256/buy
Myntra,bags,1,Metro PU Structured Handheld Bag with Tasselled,₹996,₹2490,60% off,No,4.6,None,False,False,4.6 | 1.9k AD Metro PU Structured Handheld Bag with Tasselled Sizes: Onesize Rs. 996 Rs. 2490 (60% OFF) VIEW SIMILAR wishlist Select a size Onesize,https://www.myntra.com/handbags/metro/metro-green-pu-structured-handheld-bag-with-tasselled/18784474/buy
Myntra,bags,1,DailyObjects Shopper Shoulder Bag with Quilted,₹1699,₹2299,26% off,No,4.6,None,False,False,4.6 | 328 DailyObjects Shopper Shoulder Bag with Quilted Sizes: M Rs. 1699 Rs. 2299 (26% OFF) VIEW SIMILAR wishlist Select a size M,https://www.myntra.com/handbags/dailyobjects/dailyobjects-ivory-march-crossbody-bag-large/30075258/buy
Myntra,bags,1,HAYSCH PU Shoulder Bag,₹999,N/A,N/A,N/A,N/A,None,False,False,HAYSCH PU Shoulder Bag Sizes: Onesize Rs. 999 VIEW SIMILAR wishlist Select a size Onesize,https://www.myntra.com/handbags/haysch/haysch-printed-pu-shoulder-bag/39200009/buy
Myntra,bags,1,ZOUK Women Vegan Leather Backpack,₹1259,₹6998,82% off,No,4.6,None,False,True,4.6 | 3.5k AD ZOUK Women Vegan Leather Backpack Sizes: Onesize Rs. 1259 Rs. 6998 (82% OFF) VIEW SIMILAR wishlist Select a size Onesize,https://www.myntra.com/backpacks/zouk/zouk--women-ethnic-printed-vegan-leather-backpack-with-compression-straps-up-to-16-inch/26630110/buy
Myntra,bags,1,Puma Academy Portable Bag,₹649,₹1299,50% off,No,3.9,None,False,False,3.9 | 305 Puma Academy Portable Bag Sizes: Onesize Rs. 649 Rs. 1299 (50% OFF) VIEW SIMILAR wishlist Select a size Onesize,https://www.myntra.com/handbags/puma/puma-academy-portable-bag/35360811/buy
Myntra,bags,1,Puma Phase Kids' Small Backpack,₹809,₹1799,55% off,No,3.9,None,False,False,3.9 | 299 Puma Phase Kids' Small Backpack Sizes: Onesize Rs. 809 Rs. 1799 (55% OFF) VIEW SIMILAR wishlist Select a size Onesize,https://www.myntra.com/backpacks/puma/puma-phase-kids-lightweight-small-backpack/38043973/buy
Myntra,bags,1,Exotic Structured Shoulder Bag,₹1623,₹3999,59% off,No,N/A,None,False,False,AD NEW Exotic Structured Shoulder Bag Sizes: S/M Rs. 1623 Rs. 3999 (59% OFF) VIEW SIMILAR wishlist Select a size S/M,https://www.myntra.com/handbags/exotic/exotic-sling-bag/41486129/buy
Myntra,bags,1,Wildcraft Unisex My Style 2 Backpack,₹436,₹1499,N/A,No,4.3,None,False,False,4.3 | 12.2k Wildcraft Unisex My Style 2 Backpack Sizes: Onesize Rs. 436 Rs. 1499 (Rs. 1063 OFF) VIEW SIMILAR wishlist Select a size Onesize,https://www.myntra.com/backpacks/wildcraft/wildcraft-unisex-black-my-style-2-backpack/14480070/buy
Myntra,bags,1,MomsyStore Women PU Backpacks,₹999,₹2199,55% off,No,N/A,None,False,False,MomsyStore Women PU Backpacks Sizes: Onesize Rs. 999 Rs. 2199 (55% OFF) VIEW SIMILAR wishlist Select a size Onesize,https://www.myntra.com/backpacks/momsystore/momsystore-women-graphic-backpack/41918950/buy
Myntra,bags,1,Assembly Hard Cabin-Sized Trolley Bag,₹3399,₹6249,46% off,No,4.5,None,False,False,4.5 | 270 AD Assembly Hard Cabin-Sized Trolley Bag Sizes: S Rs. 3399 Rs. 6249 (46% OFF) VIEW SIMILAR wishlist Select a size S,https://www.myntra.com/trolley-bag/assembly/assembly-textured-360-degree-rotation-hard-cabin-sized-trolley-bag-40l/20702948/buy
Myntra,bags,1,Police PU Sling Bag,₹1499,₹2999,50% off,No,4.4,None,False,False,4.4 | 7 Police PU Sling Bag Sizes: Onesize Rs. 1499 Rs. 2999 (50% OFF) VIEW SIMILAR wishlist Select a size Onesize,https://www.myntra.com/handbags/police/police-textured-pu-sling-bag/42349735/buy
Myntra,bags,1,MuscleBlaze Large Sports or Gym Duffel Bag,₹999,₹1649,39% off,No,4.6,None,False,False,4.6 | 630 MuscleBlaze Large Sports or Gym Duffel Bag Sizes: Onesize Rs. 999 Rs. 1649 (39% OFF) VIEW SIMILAR wishlist Select a size Onesize,https://www.myntra.com/duffel-bag/muscleblaze/muscleblaze-large-sports-or-gym-duffel-bag/28551402/buy
Myntra,bags,1,AMERICAN TOURISTER Hard Medium Trolley Suitcase,₹3099,₹8780,N/A,No,4.5,None,False,False,4.5 | 692 AD AMERICAN TOURISTER Hard Medium Trolley Suitcase Sizes: M Rs. 3099 Rs. 8780 (Rs. 5681 OFF) VIEW SIMILAR wishlist Select a size M,https://www.myntra.com/trolley-bag/american+tourister/american-tourister-charcoal-grey-solid-hard-barcelona-medium-trolley-suitcase---69-cm/12299168/buy
Myntra,bags,1,Mochi Unisex Textured Laptop Bag,₹1194,₹1990,40% off,No,4.6,None,False,False,"4.6 | 928 Mochi Unisex Textured Laptop Bag Sizes: 18"" and Above Rs. 1194 Rs. 1990 (40% OFF) VIEW SIMILAR wishlist Select a size 18"" and Above",https://www.myntra.com/laptop-bag/mochi/mochi-unisex-textured-laptop-bag/31537044/buy
Myntra,bags,1,WROGN Backpack with USB Port 31L,₹559,₹3499,N/A,No,4.3,None,False,False,4.3 | 9.7k WROGN Backpack with USB Port 31L Sizes: 40 L Rs. 559 Rs. 3499 (Rs. 2940 OFF) VIEW SIMILAR wishlist Select a size 40 L,https://www.myntra.com/backpacks/wrogn/wrogn-brand-logo-laptop-backpack-with-usb-charging-port-31l/22226446/buy
Myntra,bags,1,Mochi Structured Sling Bag,₹1259,₹2290,45% off,No,4.7,None,False,False,4.7 | 313 AD Mochi Structured Sling Bag Sizes: Onesize Rs. 1259 Rs. 2290 (45% OFF) VIEW SIMILAR wishlist Select a size Onesize,https://www.myntra.com/handbags/mochi/mochi-structured-sling-bag/31164142/buy
Myntra,bags,2,Mochi Shopper Handheld Bag,₹801,₹2290,65% off,No,4.5,Only Few Left,True,False,4.5 | 1.1k AD Mochi Shopper Handheld Bag Sizes: Onesize Rs. 801 Rs. 2290 (65% OFF) Only Few Left! VIEW SIMILAR wishlist Select a size Onesize,https://www.myntra.com/handbags/mochi/mochi-blue-shopper-handheld-bag/17392834/buy
Myntra,bags,2,ZOUK Structured Jute Shoulder Bag,₹1399,₹4248,N/A,No,4.6,Only Few Left,True,False,4.6 | 5.8k AD ZOUK Structured Jute Shoulder Bag Sizes: Onesize Rs. 1399 Rs. 4248 (Rs. 2849 OFF) Only Few Left! VIEW SIMILAR wishlist Select a size Onesize,https://www.myntra.com/handbags/zouk/zouk-floral-printed-structured-jute-shoulder-bag/25485604/buy
Myntra,bags,2,Allen Solly Animal Textured Sling Bag,₹1063,₹2799,62% off,No,4.3,None,False,False,4.3 | 367 AD Allen Solly Animal Textured Sling Bag Sizes: Onesize Rs. 1063 Rs. 2799 (62% OFF) VIEW SIMILAR wishlist Select a size Onesize,https://www.myntra.com/handbags/allen+solly/allen-solly-crocodile-textured-pu-structured-sling-bag/21609840/buy
Myntra,bags,2,AMERICAN TOURISTER UPLAND Hard Cabin Trolley Bag,₹2249,₹7190,N/A,No,4.4,None,False,False,4.4 | 928 AD AMERICAN TOURISTER UPLAND Hard Cabin Trolley Bag Sizes: S Rs. 2249 Rs. 7190 (Rs. 4941 OFF) VIEW SIMILAR wishlist Select a size S,https://www.myntra.com/trolley-bag/american+tourister/american-tourister-upland-textured-hard-cabin-trolley-bag/21684972/buy
Myntra,bags,2,ZOUK Gwalior Weaves Essential Bag,₹1695,₹5465,69% off,No,4.6,None,False,False,4.6 | 222 AD ZOUK Gwalior Weaves Essential Bag Sizes: Onesize Rs. 1695 Rs. 5465 (69% OFF) VIEW SIMILAR wishlist Select a size Onesize,https://www.myntra.com/handbags/zouk/zouk-gwalior-weaves-office-essential-tote-bag/30944242/buy
Myntra,bags,2,LOUIS POLO Cabin Trolley Suitcase,₹1749,₹9099,N/A,No,4.8,None,False,False,4.8 | 8 AD LOUIS POLO Cabin Trolley Suitcase Sizes: S Rs. 1749 Rs. 9099 (Rs. 7350 OFF) VIEW SIMILAR wishlist Select a size S,https://www.myntra.com/trolley-bag/louis+polo/louis-polo-veezoom-textured-360-degree-rotation-cabin-trolley-suitcase---47-l/40284515/buy
Myntra,bags,2,MIRAGGIO Mini Sling Bag,₹1649,₹2999,45% off,No,N/A,None,False,False,AD MIRAGGIO Mini Sling Bag Sizes: S Rs. 1649 Rs. 2999 (45% OFF) VIEW SIMILAR wishlist Select a size S,https://www.myntra.com/handbags/miraggio/miraggio-animal-pu-bucket-sling-bag-with-bow-detail/38838122/buy
Myntra,bags,2,DailyObjects Navy Pedal Daypack,₹1349,₹2343,42% off,No,4.4,None,False,False,4.4 | 1.2k AD DailyObjects Navy Pedal Daypack Sizes: Onesize Rs. 1349 Rs. 2343 (42% OFF) VIEW SIMILAR wishlist Select a size Onesize,https://www.myntra.com/backpacks/dailyobjects/dailyobjects-navy-pedal-daypack/42464263/buy
Myntra,clothing,1,PILOLO Boys Mid-Rise Shorts,₹593,₹749,21% off,No,N/A,None,False,False,AD PILOLO Boys Mid-Rise Shorts Sizes: 5-6Y Rs. 593 Rs. 749 (21% OFF) VIEW SIMILAR wishlist Select a size 5-6Y,https://www.myntra.com/shorts/pilolo/pilolo-boys-regular-fit-mid-rise-cotton-shorts/32579400/buy
Myntra,clothing,1,FEMEA Women Shrug,₹799,₹1499,47% off,No,4.9,Only Few Left,True,False,4.9 | 7 AD FEMEA Women Shrug Sizes: Onesize Rs. 799 Rs. 1499 (47% OFF) Only Few Left! VIEW SIMILAR wishlist Select a size Onesize,https://www.myntra.com/shrug/femea/femea-women-shrug/32935142/buy
Myntra,clothing,1,DEL LUNA Girls Pack Of 2 Clothing Set,₹448,₹2499,82% off,No,N/A,None,False,True,DEL LUNA Girls Pack Of 2 Clothing Set Sizes: 12-18M Rs. 448 Rs. 2499 (82% OFF) VIEW SIMILAR wishlist Select a size 12-18M,https://www.myntra.com/clothing-set/del+luna/del-luna-girls-pack-of-2-checked-clothing-set/33923146/buy
Myntra,clothing,1,ELPIXIE FASHION Boys White Clothing Set,₹440,₹1099,60% off,No,4.2,None,False,False,4.2 | 69 ELPIXIE FASHION Boys White Clothing Set Sizes: 4-5Y Rs. 440 Rs. 1099 (60% OFF) VIEW SIMILAR wishlist Select a size 4-5Y,https://www.myntra.com/clothing-set/elpixie+fashion/elpixie-fashion-boys-white-clothing-set/35200048/buy
Myntra,clothing,1,Nautica Pure Cotton Casual Shirt,₹991,₹1599,38% off,No,4.3,None,False,False,4.3 | 218 AD Nautica Pure Cotton Casual Shirt Sizes: 42 Rs. 991 Rs. 1599 (38% OFF) VIEW SIMILAR wishlist Select a size 42,https://www.myntra.com/shirts/nautica/nautica-pure-cotton-tartan-checks-casual-shirt/26569810/buy
Myntra,clothing,1,CLOTHING VEDA Men Short Kurta,₹494,₹2549,81% off,No,N/A,None,False,True,CLOTHING VEDA Men Short Kurta Sizes: S Rs. 494 Rs. 2549 (81% OFF) VIEW SIMILAR wishlist Select a size S,https://www.myntra.com/kurtas/clothing+veda/clothing-veda-men-kurta/42648146/buy
Myntra,clothing,1,DEL LUNA Girls Pack of 2 Clothing Set,₹448,₹2499,82% off,No,N/A,None,False,True,DEL LUNA Girls Pack of 2 Clothing Set Sizes: 1-2Y Rs. 448 Rs. 2499 (82% OFF) VIEW SIMILAR wishlist Select a size 1-2Y,https://www.myntra.com/clothing-set/del+luna/del-luna-girls-pack-of-2-checked--clothing-set/33721864/buy
Myntra,clothing,1,RAREISM Women Ronokya Shrug,₹899,₹1999,55% off,No,3.9,None,False,False,3.9 | 7 AD RAREISM Women Ronokya Shrug Sizes: S Rs. 899 Rs. 1999 (55% OFF) VIEW SIMILAR wishlist Select a size S,https://www.myntra.com/shrug/rareism/rareism-women-beige-plain-relaxed-fit-34th-sleeve-collarless-shrug/36672876/buy
Myntra,clothing,1,JIM Trend Unisex Silver Clothing Set,₹272,₹499,45% off,No,4.3,None,False,False,4.3 | 186 JIM Trend Unisex Silver Clothing Set Sizes: 0-6M Rs. 272 Rs. 499 (45% OFF) VIEW SIMILAR wishlist Select a size 0-6M,https://www.myntra.com/clothing-set/jim+trend/jim-trend-unisex-silver-clothing-set/35217217/buy
Myntra,clothing,1,HELLCAT Boys Pack of 3 Clothing Sets,₹648,₹4497,86% off,No,3.8,None,False,True,3.8 | 273 HELLCAT Boys Pack of 3 Clothing Sets Sizes: 1-2Y Rs. 648 Rs. 4497 (86% OFF) VIEW SIMILAR wishlist Select a size 1-2Y,https://www.myntra.com/clothing-set/hellcat/hellcat-boys-pack-of-3-printed-clothing-sets/28315932/buy
Myntra,clothing,1,Globus Women Printed Basic Jumpsuit,₹1079,₹1999,46% off,No,4.4,Only Few Left,True,False,4.4 | 1.2k AD Globus Women Printed Basic Jumpsuit Sizes: XS Rs. 1079 Rs. 1999 (46% OFF) Only Few Left! VIEW SIMILAR wishlist Select a size XS,https://www.myntra.com/jumpsuit/globus/globus-abstract-print-wrap-v-neck-waist-tie-up-flared-hem-fusion-jumpsuit/30658303/buy
Myntra,clothing,1,KUNDAN SULZ GWALIOR Striped Blazer Clothing Fabric,₹749,₹1299,42% off,No,N/A,None,False,False,KUNDAN SULZ GWALIOR Striped Blazer Clothing Fabric Sizes: Onesize Rs. 749 Rs. 1299 (42% OFF) VIEW SIMILAR wishlist Select a size Onesize,https://www.myntra.com/clothing-fabric/kundan+sulz+gwalior/kundan-sulz-gwalior-men-striped-blazer-clothing-fabric/42174205/buy
Myntra,clothing,1,ELPIXIE FASHION Unisex Green Clothing Set,₹300,₹999,70% off,No,4.2,None,False,True,4.2 | 2k ELPIXIE FASHION Unisex Green Clothing Set Sizes: 12-18M Rs. 300 Rs. 999 (70% OFF) VIEW SIMILAR wishlist Select a size 12-18M,https://www.myntra.com/clothing-set/elpixie+fashion/elpixie-fashion-unisex-green-clothing-set/35199954/buy
Myntra,clothing,1,RARE ONES Boys Printed Cotton T-shirt,₹499,₹999,50% off,No,4.9,None,False,False,4.9 | 8 AD RARE ONES Boys Printed Cotton T-shirt Sizes: 9-10Y Rs. 499 Rs. 999 (50% OFF) VIEW SIMILAR wishlist Select a size 9-10Y,https://www.myntra.com/tshirts/rare+ones/rare-ones-boys-graphic-printed-cotton-t-shirt/37259911/buy
Myntra,clothing,1,ELPIXIE FASHION Unisex Black Clothing Set,₹480,₹1199,60% off,No,4.4,None,False,False,4.4 | 34 ELPIXIE FASHION Unisex Black Clothing Set Sizes: 7-8Y Rs. 480 Rs. 1199 (60% OFF) VIEW SIMILAR wishlist Select a size 7-8Y,https://www.myntra.com/clothing-set/elpixie+fashion/elpixie-fashion-unisex-black-clothing-set/35200000/buy
Myntra,clothing,1,UnaOne Women Shrug,₹879,₹1999,56% off,No,3.9,None,False,False,3.9 | 23 AD UnaOne Women Shrug Sizes: Onesize Rs. 879 Rs. 1999 (56% OFF) VIEW SIMILAR wishlist Select a size Onesize,https://www.myntra.com/shrug/unaone/unaone-women-tasselled-shrug/39104399/buy
Myntra,clothing,1,ELPIXIE FASHION Girls Pink Clothing Set,₹417,₹1099,62% off,No,3.9,None,False,False,3.9 | 136 ELPIXIE FASHION Girls Pink Clothing Set Sizes: 6-12M Rs. 417 Rs. 1099 (62% OFF) VIEW SIMILAR wishlist Select a size 6-12M,https://www.myntra.com/clothing-set/elpixie+fashion/elpixie-fashion-girls-pink-clothing-set/35199982/buy
Myntra,clothing,1,Globus Shoulder Straps Basic Jumpsuit,₹1053,₹1699,38% off,No,4.3,Only Few Left,True,False,4.3 | 358 AD Globus Shoulder Straps Basic Jumpsuit Sizes: XL Rs. 1053 Rs. 1699 (38% OFF) Only Few Left! VIEW SIMILAR wishlist Select a size XL,https://www.myntra.com/jumpsuit/globus/globus-black-shoulder-straps-sleeveless-basic-jumpsuit/29066902/buy
Myntra,clothing,1,KUNDAN SULZ GWALIOR Solid Shirt and Trousers Clothing Fabric,₹799,₹1499,47% off,No,N/A,None,False,False,KUNDAN SULZ GWALIOR Solid Shirt and Trousers Clothing Fabric Sizes: Onesize Rs. 799 Rs. 1499 (47% OFF) VIEW SIMILAR wishlist Select a size Onesize,https://www.myntra.com/clothing-fabric/kundan+sulz+gwalior/kundan-sulz-gwalior-men-solid-shirt-and-trousers-clothing-fabric/42174211/buy
Myntra,clothing,1,Enamor Cotton T-Shirt Bra - A077,₹1029,₹1099,6% off,No,4.6,None,False,False,4.6 | 8.1k AD Enamor Cotton T-Shirt Bra - A077 Sizes: 32C Rs. 1029 Rs. 1099 (6% OFF) VIEW SIMILAR wishlist Select a size 32C,https://www.myntra.com/bra/enamor/enamor-women-bamboo-cotton-full-support-everyday-t-shirt-bra---a077/23532380/buy
Myntra,clothing,1,KIDNIP Boys Printed Clothing Set,₹486,₹1449,66% off,No,4.5,Only Few Left,True,False,4.5 | 123 KIDNIP Boys Printed Clothing Set Sizes: 6-12M Rs. 486 Rs. 1449 (66% OFF) Only Few Left! VIEW SIMILAR wishlist Select a size 6-12M,https://www.myntra.com/clothing-set/kidnip/kidnip-boys-pure-cotton-printed-clothing-set/36388810/buy
Myntra,clothing,1,Enamor Bra Solid,₹799,N/A,N/A,N/A,4.4,None,False,False,4.4 | 1.9k AD Enamor Bra Solid Sizes: 36B Rs. 799 VIEW SIMILAR wishlist Select a size 36B,https://www.myntra.com/bra/enamor/enamor-ultra-smoothening-t-shirt-bra-a027/30489251/buy
Myntra,clothing,1,J&JP Girls Clothing Set,₹419,₹1499,72% off,No,N/A,None,False,True,4 | 90 J&JP Girls Clothing Set Sizes: 8-9Y Rs. 419 Rs. 1499 (72% OFF) VIEW SIMILAR wishlist Select a size 8-9Y,https://www.myntra.com/clothing-set/j%26jp/jjp-girls-clothing-set/34294669/buy
Myntra,clothing,1,Sangria Boys Shirt Collar Clothing Set,₹899,₹2499,N/A,No,N/A,None,False,False,NEW Sangria Boys Shirt Collar Clothing Set Sizes: 5-6Y Rs. 899 Rs. 2499 (Rs. 1600 OFF) VIEW SIMILAR wishlist Select a size 5-6Y,https://www.myntra.com/clothing-set/sangria/sangria-boys-shirt-collar---clothing-set/40619915/buy
Myntra,clothing,1,Virgio Women Tie-Up Shrug,₹799,₹1290,38% off,No,3.1,None,False,False,3.1 | 25 AD Virgio Women Tie-Up Shrug Sizes: S Rs. 799 Rs. 1290 (38% OFF) VIEW SIMILAR wishlist Select a size S,https://www.myntra.com/shrug/virgio/virgio-women-cotton-round-neck-crop-length-solid-puff-sleeves-top/32327115/buy
Myntra,clothing,1,Aarya Designer Girls Printed Clothing Set,₹480,₹1499,68% off,No,4.2,None,False,False,4.2 | 37 Aarya Designer Girls Printed Clothing Set Sizes: 5-6Y Rs. 480 Rs. 1499 (68% OFF) VIEW SIMILAR wishlist Select a size 5-6Y,https://www.myntra.com/co-ords/aarya+designer/aarya-designer-girls-printed-clothing-set/38853620/buy
Myntra,clothing,1,KUNDAN SULZ GWALIOR Men Polyester Clothing Fabric,₹799,₹1499,47% off,No,N/A,None,False,False,KUNDAN SULZ GWALIOR Men Polyester Clothing Fabric Sizes: Onesize Rs. 799 Rs. 1499 (47% OFF) VIEW SIMILAR wishlist Select a size Onesize,https://www.myntra.com/clothing-fabric/kundan+sulz+gwalior/kundan-sulz-gwalior-men-solid-shirt-and-trousers-clothing-fabric/42174208/buy
Myntra,clothing,1,BABY HOME Pure Cotton Clothing Set,₹402,₹1299,69% off,No,3.8,None,False,False,3.8 | 333 BABY HOME Pure Cotton Clothing Set Sizes: 0-1Y Rs. 402 Rs. 1299 (69% OFF) VIEW SIMILAR wishlist Select a size 0-1Y,https://www.myntra.com/clothing-set/baby+home/baby-home-boys-pure-cotton-clothing-set/35487050/buy
Myntra,clothing,1,Blackberrys Men Chinos Trousers,₹1055,₹2199,52% off,No,3.7,Only Few Left,True,False,3.7 | 21 AD Blackberrys Men Chinos Trousers Sizes: 32 Rs. 1055 Rs. 2199 (52% OFF) Only Few Left! VIEW SIMILAR wishlist Select a size 32,https://www.myntra.com/trousers/blackberrys/blackberrys-men-chinos-trousers/41014261/buy
Myntra,clothing,1,ACTLIVE Cotton Blend Clothing Set,₹366,₹999,63% off,No,4.1,None,False,False,4.1 | 26 ACTLIVE Cotton Blend Clothing Set Sizes: 7-8Y Rs. 366 Rs. 999 (63% OFF) VIEW SIMILAR wishlist Select a size 7-8Y,https://www.myntra.com/clothing-set/actlive/actlive-boys-cotton-blend-clothing-set/35086867/buy
Myntra,clothing,1,CLOTHING VEDA Mandarin Collar Kurta,₹493,₹2549,81% off,No,3.9,None,False,True,3.9 | 33 NEW CLOTHING VEDA Mandarin Collar Kurta Sizes: M Rs. 493 Rs. 2549 (81% OFF) VIEW SIMILAR wishlist Select a size M,https://www.myntra.com/kurtas/clothing+veda/clothing-veda-mandarin-collar-roll-up-sleeves-kurta/40941773/buy
Myntra,clothing,1,Kraus Jeans Women Skinny Fit High-Rise Jeans,₹918,₹2295,60% off,No,4.5,None,False,False,4.5 | 13 AD Kraus Jeans Women Skinny Fit High-Rise Jeans Sizes: 34 Rs. 918 Rs. 2295 (60% OFF) VIEW SIMILAR wishlist Select a size 34,https://www.myntra.com/jeans/kraus+jeans/kraus-jeans-women-skinny-fit-high-rise-light-fade-jeans/33061437/buy
Myntra,clothing,1,Sangria Boys Shirt Collar Clothing Set,₹799,₹2499,N/A,No,N/A,Only Few Left,True,False,NEW Sangria Boys Shirt Collar Clothing Set Sizes: 1-2Y Rs. 799 Rs. 2499 (Rs. 1700 OFF) Only Few Left! VIEW SIMILAR wishlist Select a size 1-2Y,https://www.myntra.com/clothing-set/sangria/sangria-boys-printed-shirt-collar-clothing-set/40619919/buy
Myntra,clothing,1,Darelooks Premium Clothing Notched Lapel Casual Blazers,₹3499,₹6999,50% off,No,N/A,Only Few Left,True,False,NEW Darelooks Premium Clothing Notched Lapel Casual Blazers Sizes: 38 Rs. 3499 Rs. 6999 (50% OFF) Only Few Left! VIEW SIMILAR wishlist Select a size 38,https://www.myntra.com/blazers/darelooks+premium+clothing/darelooks-premium-clothing-self-design-notched-lapel-single-breasted-casual-blazers/42138272/buy
Myntra,clothing,1,Zivame Lightly Padded T-shirt Bra,₹439,₹1099,60% off,No,4.3,None,False,False,4.3 | 21.4k AD Zivame Lightly Padded T-shirt Bra Sizes: 36C Rs. 439 Rs. 1099 (60% OFF) VIEW SIMILAR wishlist Select a size 36C,https://www.myntra.com/bra/zivame/zivame-beige-solid-underwired-lightly-padded-t-shirt-bra-zi1135core0nude/5460278/buy
Myntra,clothing,1,KUNDAN SULZ GWALIOR Men Polyester Clothing Fabric,₹749,₹1299,42% off,No,N/A,None,False,False,KUNDAN SULZ GWALIOR Men Polyester Clothing Fabric Sizes: Onesize Rs. 749 Rs. 1299 (42% OFF) VIEW SIMILAR wishlist Select a size Onesize,https://www.myntra.com/clothing-fabric/kundan+sulz+gwalior/kundan-sulz-gwalior-men-striped-blazer-clothing-fabric/42174209/buy
Myntra,clothing,1,LYRA Pure Cotton Sports Bra,₹283,₹399,29% off,No,N/A,None,False,False,4 | 171 AD LYRA Pure Cotton Sports Bra Sizes: XS Rs. 283 Rs. 399 (29% OFF) VIEW SIMILAR wishlist Select a size XS,https://www.myntra.com/bra/lyra/lyra-combed-cotton-sweat-absorbent-stretchable-sports-bra/22099360/buy
Myntra,clothing,1,ECOLINE Clothing V-Neck Open Front Shrug,₹375,₹849,56% off,No,N/A,None,False,False,ECOLINE Clothing V-Neck Open Front Shrug Sizes: XS Rs. 375 Rs. 849 (56% OFF) VIEW SIMILAR wishlist Select a size XS,https://www.myntra.com/shrug/ecoline+clothing/ecoline-clothing-eco-friendly-v-neck-open-front-shrug/32498828/buy
Myntra,clothing,1,DressBerry Self Design Heavily Padded Bra,₹566,₹2179,74% off,No,3.2,None,False,True,3.2 | 5 AD DressBerry Self Design Heavily Padded Bra Sizes: 30 Rs. 566 Rs. 2179 (74% OFF) VIEW SIMILAR wishlist Select a size 30,https://www.myntra.com/bra/dressberry/dressberry-butterfly-self-design-medium-coverage-padded-bra-dbss26wbrarval5-02a/39508322/buy
Myntra,clothing,1,Anthrilo T-Shirt & Shorts Clothing Set,₹566,₹1899,70% off,No,4.7,None,False,True,4.7 | 118 Anthrilo T-Shirt & Shorts Clothing Set Sizes: 6-12M Rs. 566 Rs. 1899 (70% OFF) VIEW SIMILAR wishlist Select a size 6-12M,https://www.myntra.com/clothing-set/anthrilo/anthrilo-kids-printed-t-shirt-shorts-clothing-set/33242868/buy
Myntra,clothing,1,TODOS Pure Cotton Clothing Set,₹339,₹998,66% off,No,4.6,Only Few Left,True,False,4.6 | 167 TODOS Pure Cotton Clothing Set Sizes: 6-12M Rs. 339 Rs. 998 (66% OFF) Only Few Left! VIEW SIMILAR wishlist Select a size 6-12M,https://www.myntra.com/clothing-set/todos/todos-green-pure-cotton-clothing-set/35171691/buy
Myntra,clothing,1,Enamor Lightly Padded Bra,₹799,N/A,N/A,N/A,4.5,None,False,False,4.5 | 2.7k AD Enamor Lightly Padded Bra Sizes: S Rs. 799 VIEW SIMILAR wishlist Select a size S,https://www.myntra.com/bra/enamor/enamor-medium-impact-cotton-padded-wire-free-full-coverage-comfort-sports-bra-sb38/30602662/buy
Myntra,clothing,2,DEL LUNA Girls Pack Of 2 Clothing Set,₹2499,N/A,N/A,N/A,N/A,None,False,False,DEL LUNA Girls Pack Of 2 Clothing Set Sizes: 3-4Y Rs. 2499 VIEW SIMILAR wishlist Select a size 3-4Y,https://www.myntra.com/clothing-set/del+luna/del-luna-girls-pack-of-2-halter-neck-clothing-set/34013452/buy
Myntra,clothing,2,Dhanoo fashion Girls Printed Clothing Set,₹593,₹799,26% off,No,N/A,None,False,False,3 | 36 NEW Dhanoo fashion Girls Printed Clothing Set Sizes: 3-4Y Rs. 593 Rs. 799 (26% OFF) VIEW SIMILAR wishlist Select a size 3-4Y,https://www.myntra.com/clothing-set/dhanoo+fashion/dhanoo-fashion-girls-printed-top-and-bottom-clothing-set/41868307/buy
Myntra,clothing,2,Googo Gaaga Boys Printed Clothing Set,₹398,₹1400,72% off,No,4.4,None,False,True,4.4 | 5.8k Googo Gaaga Boys Printed Clothing Set Sizes: 6-7Y Rs. 398 Rs. 1400 (72% OFF) VIEW SIMILAR wishlist Select a size 6-7Y,https://www.myntra.com/clothing-set/googo+gaaga/googo-gaaga-boys-printed-t-shirt--shorts-clothing-set/28935878/buy
Myntra,clothing,2,Enamor Plus Size Seamless Bra,₹873,₹1589,45% off,No,4.5,None,False,False,4.5 | 422 AD Enamor Plus Size Seamless Bra Sizes: 36G Rs. 873 Rs. 1589 (45% OFF) VIEW SIMILAR wishlist Select a size 36G,https://www.myntra.com/bra/enamor/enamor-non-padded-wired-full-coverage-detachable-strap-for-multiway-styling-minimizer-bra-/25379318/buy
Myntra,clothing,2,DressBerry Lace Inserts Padded Bra,₹549,₹2499,78% off,No,4.5,None,False,True,4.5 | 10 AD DressBerry Lace Inserts Padded Bra Sizes: 30 Rs. 549 Rs. 2499 (78% OFF) VIEW SIMILAR wishlist Select a size 30,https://www.myntra.com/bra/dressberry/dressberry-floral-lace-inserts-medium-coverage-heavily-padded-bra-dbss26wbrarval5-03b/39508323/buy
Myntra,clothing,2,Enamor Cotton T-Shirt Bra - A077,₹1022,₹1099,7% off,No,4.6,Only Few Left,True,False,4.6 | 8.1k AD Enamor Cotton T-Shirt Bra - A077 Sizes: 34C Rs. 1022 Rs. 1099 (7% OFF) Only Few Left! VIEW SIMILAR wishlist Select a size 34C,https://www.myntra.com/bra/enamor/enamor-women-bamboo-cotton-full-support-everyday-t-shirt-bra---a077/23532378/buy
Myntra,clothing,2,Enamor Bra Solid,₹1027,₹1869,45% off,No,4.2,None,False,False,4.2 | 543 AD Enamor Bra Solid Sizes: 32C Rs. 1027 Rs. 1869 (45% OFF) VIEW SIMILAR wishlist Select a size 32C,https://www.myntra.com/bra/enamor/enamor-front-open-padded-wirefree-full-coverage-high-impact-sports-bra-sb29/30453259/buy
Myntra,clothing,2,Blackberrys Men Chinos Trousers,₹1221,₹2599,53% off,No,3.3,None,False,False,3.3 | 7 AD Blackberrys Men Chinos Trousers Sizes: 32 Rs. 1221 Rs. 2599 (53% OFF) VIEW SIMILAR wishlist Select a size 32,https://www.myntra.com/trousers/blackberrys/blackberrys-men-chinos-trousers/41014267/buy
Myntra,clothing,3,Thiya Boys Printed T-shirt & Shorts,₹350,₹1999,82% off,No,4.1,None,False,True,4.1 | 203 Thiya Boys Printed T-shirt & Shorts Sizes: 1-2Y Rs. 350 Rs. 1999 (82% OFF) VIEW SIMILAR wishlist Select a size 1-2Y,https://www.myntra.com/clothing-set/thiya/thiya-boys-printed-t-shirt-with-shorts-clothing-set/31282000/buy
Myntra,sunglasses,1,Voyage Unisex Oval Sunglasses,₹900,₹3000,70% off,No,4.4,None,False,True,4.4 | 1.9k AD Voyage Unisex Oval Sunglasses Sizes: S Rs. 900 Rs. 3000 (70% OFF) VIEW SIMILAR wishlist Select a size S,https://www.myntra.com/sunglasses/voyage/voyage-unisex-oval-sunglasses-with-uv-protected-lens-b80580mg5182/26883092/buy
Myntra,sunglasses,1,Voyage Women Square Sunglasses,₹744,₹3000,N/A,No,4.5,None,False,False,4.5 | 2k AD Voyage Women Square Sunglasses Sizes: S Rs. 744 Rs. 3000 (Rs. 2256 OFF) VIEW SIMILAR wishlist Select a size S,https://www.myntra.com/sunglasses/voyage/voyage-women-square-sunglasses-with-uv-protected-lens-8926wmg2778/25286588/buy
Myntra,sunglasses,1,HRX by Hrithik Roshan Men Sunglasses,₹799,₹2897,72% off,No,N/A,None,False,True,HRX by Hrithik Roshan Men Sunglasses Sizes: S Rs. 799 Rs. 2897 (72% OFF) VIEW SIMILAR wishlist Select a size S,https://www.myntra.com/sunglasses/hrx+by+hrithik+roshan/hrx-by-hrithik-roshan-men-black-lens--gunmetal-toned-aviator-sunglasses-with/39839268/buy
Myntra,sunglasses,1,KIDSUN Kids UV Protect Oval Sunglass,₹379,₹999,62% off,No,4.6,None,False,False,4.6 | 80 KIDSUN Kids UV Protect Oval Sunglass Sizes: M Rs. 379 Rs. 999 (62% OFF) VIEW SIMILAR wishlist Select a size M,https://www.myntra.com/sunglasses/kidsun/kidsun-kids-full-rim-uv-protection-oval-shape-sunglasses/37182795/buy
Myntra,sunglasses,1,Vincent Chase Sunglasses UV Protected Lens,₹899,₹1999,55% off,No,4.3,Only Few Left,True,False,4.3 | 110 AD Vincent Chase Sunglasses UV Protected Lens Sizes: L Rs. 899 Rs. 1999 (55% OFF) Only Few Left! VIEW SIMILAR wishlist Select a size L,https://www.myntra.com/sunglasses/vincent+chase/vincent-chase-by-lenskart-women-wayfarer-sunglasses-with-polarised-and-uv-protected-lens-135882/22460236/buy
Myntra,sunglasses,1,ZIKKU Babies Sunglasses 024 Months,₹976,₹1499,35% off,No,N/A,None,False,False,NEW ZIKKU Babies Sunglasses 024 Months Sizes: S Rs. 976 Rs. 1499 (35% OFF) VIEW SIMILAR wishlist Select a size S,https://www.myntra.com/sunglasses/zikku/zikku-unisex-kids-black-sunglasses-with/40697601/buy
Myntra,sunglasses,1,ZIKKU Babies Sunglasses 310 Years,₹976,₹1499,35% off,No,4.2,None,False,False,4.2 | 5 ZIKKU Babies Sunglasses 310 Years Sizes: M Rs. 976 Rs. 1499 (35% OFF) VIEW SIMILAR wishlist Select a size M,https://www.myntra.com/sunglasses/zikku/zikku-unisex-kids-black-sunglasses-with/40698003/buy
Myntra,sunglasses,1,Voyage Women Rectangle Sunglasses with UV Protected Lens,₹738,₹1800,59% off,No,4.4,None,False,False,4.4 | 2.7k AD Voyage Women Rectangle Sunglasses with UV Protected Lens Sizes: S Rs. 738 Rs. 1800 (59% OFF) VIEW SIMILAR wishlist Select a size S,https://www.myntra.com/sunglasses/voyage/voyage-women-black-lens-rectangle-sunglasses-with-uv-protected-lens-b80389mg3456c-/14582858/buy
Myntra,sunglasses,1,Provogue Men Fashion with Polarised and UV Protected Lens Sunglasses,₹439,₹1999,N/A,No,3.9,None,False,False,3.9 | 506 Provogue Men Fashion with Polarised and UV Protected Lens Sunglasses Sizes: L Rs. 439 Rs. 1999 (Rs. 1560 OFF) VIEW SIMILAR wishlist Select a size L,https://www.myntra.com/sunglasses/provogue/provogue-men-black-fashion-with-sunglasses/35894836/buy
Myntra,sunglasses,1,SHOP FRENZY Unisex Kids Aviator Sunglasses with UV Protected Lens,₹412,₹1299,68% off,No,N/A,None,False,False,SHOP FRENZY Unisex Kids Aviator Sunglasses with UV Protected Lens Sizes: S Rs. 412 Rs. 1299 (68% OFF) VIEW SIMILAR wishlist Select a size S,https://www.myntra.com/sunglasses/shop+frenzy/shop-frenzy-unisex-kids-aviator-sunglasses-with-uv-protected-lens/32726201/buy
Myntra,sunglasses,1,Voyage Unisex Wayfarer Sunglasses,₹840,₹3000,72% off,No,4.2,None,False,True,4.2 | 90 AD Voyage Unisex Wayfarer Sunglasses Sizes: S Rs. 840 Rs. 3000 (72% OFF) VIEW SIMILAR wishlist Select a size S,https://www.myntra.com/sunglasses/voyage/voyage-unisex-wayfarer-sunglasses-with-polarised-and-uv-protected-lens-1031pmg3966z/29775356/buy
Myntra,sunglasses,1,Espee Women Sunglasses,₹869,₹2895,70% off,No,N/A,None,False,True,Espee Women Sunglasses Sizes: M Rs. 869 Rs. 2895 (70% OFF) VIEW SIMILAR wishlist Select a size M,https://www.myntra.com/sunglasses/espee/espee-women-brown-lens-and-brown-square-full-rim-sunglasses-with-uv-protection/42079823/buy
Myntra,sunglasses,1,HAYDEN haiza Men Rectangle Sunglasses,₹312,₹1999,84% off,No,4.4,None,False,True,4.4 | 192 HAYDEN haiza Men Rectangle Sunglasses Sizes: S Rs. 312 Rs. 1999 (84% OFF) VIEW SIMILAR wishlist Select a size S,https://www.myntra.com/sunglasses/hayden+haiza/hayden-haiza-men-rectangle-sunglasses-with-polarised-lens-sunglasses-wood-cherry/36077440/buy
Myntra,sunglasses,1,Voyage Women Cateye Sunglasses,₹612,₹1800,66% off,No,4.5,None,False,False,4.5 | 5.6k AD Voyage Women Cateye Sunglasses Sizes: M Rs. 612 Rs. 1800 (66% OFF) VIEW SIMILAR wishlist Select a size M,https://www.myntra.com/sunglasses/voyage/voyage-women-uv-protected-cateye-sunglasses-b6101mg3176/11392288/buy
Myntra,sunglasses,1,FUNGLASSES Unisex Rectangle Sunglasses,₹299,₹1999,85% off,No,4.4,None,False,True,4.4 | 918 FUNGLASSES Unisex Rectangle Sunglasses Sizes: M Rs. 299 Rs. 1999 (85% OFF) VIEW SIMILAR wishlist Select a size M,https://www.myntra.com/sunglasses/funglasses/funglasses-unisex-rectangle-sunglasses-with-uv-protected-lens/33202425/buy
Myntra,sunglasses,1,HRX by Hrithik Roshan Men Sunglasses,₹807,₹2897,72% off,No,3.8,None,False,True,3.8 | 5 HRX by Hrithik Roshan Men Sunglasses Sizes: S Rs. 807 Rs. 2897 (72% OFF) VIEW SIMILAR wishlist Select a size S,https://www.myntra.com/sunglasses/hrx+by+hrithik+roshan/hrx-by-hrithik-roshan-men-green-lens--black-aviator-sunglasses-with/39839267/buy
Myntra,sunglasses,1,Voyage UV Protected Sunglasses,₹900,₹3000,70% off,No,4.3,None,False,True,4.3 | 334 AD Voyage UV Protected Sunglasses Sizes: S Rs. 900 Rs. 3000 (70% OFF) VIEW SIMILAR wishlist Select a size S,https://www.myntra.com/sunglasses/voyage/voyage-polarised-and-uv-protected-lens-full-rim-round-sunglasses-3040mg3982z/22651492/buy
Myntra,sunglasses,1,Voyage Oval Sunglass UV Protection,₹709,₹1800,N/A,No,4.4,None,False,False,4.4 | 6.8k Voyage Oval Sunglass UV Protection Sizes: M Rs. 709 Rs. 1800 (Rs. 1091 OFF) VIEW SIMILAR wishlist Select a size M,https://www.myntra.com/sunglasses/voyage/voyage-unisex-black-lens-oval-sunglasses-with-uv-protected-lens-2038mg3051c/14582818/buy
Myntra,sunglasses,1,HAYDEN haiza Sunglasses UV Protected Lens,₹291,₹399,27% off,No,4.3,None,False,False,4.3 | 480 HAYDEN haiza Sunglasses UV Protected Lens Sizes: M Rs. 291 Rs. 399 (27% OFF) VIEW SIMILAR wishlist Select a size M,https://www.myntra.com/sunglasses/hayden+haiza/hayden-haiza-cateye-sunglasses-with-uv-protected-lens/32718234/buy
Myntra,sunglasses,1,Voyage Women Protected Sunglasses,₹690,₹3000,77% off,No,4.4,None,False,True,4.4 | 274 AD Voyage Women Protected Sunglasses Sizes: M Rs. 690 Rs. 3000 (77% OFF) VIEW SIMILAR wishlist Select a size M,https://www.myntra.com/sunglasses/voyage/voyage-women-grey-lens--gunmetal-toned-square-sunglasses-with-uv-protected-lens/24054980/buy
Myntra,sunglasses,1,DukieKooky Unisex Kids Sunglasses,₹317,₹599,47% off,No,4.8,Only Few Left,True,False,4.8 | 8 DukieKooky Unisex Kids Sunglasses Sizes: M Rs. 317 Rs. 599 (47% OFF) Only Few Left! VIEW SIMILAR wishlist Select a size M,https://www.myntra.com/sunglasses/dukiekooky/dukiekooky-unisex-kids-yellow-lens--red-sports-sunglasses-with/40004725/buy
Myntra,sunglasses,1,Espee Women Sunglasses,₹879,₹2930,70% off,No,N/A,None,False,True,Espee Women Sunglasses Sizes: L Rs. 879 Rs. 2930 (70% OFF) VIEW SIMILAR wishlist Select a size L,https://www.myntra.com/sunglasses/espee/espee-women-brown-lens-and-beige-butterfly-full-rim-sunglasses-with-uv-protection/42079844/buy
Myntra,sunglasses,1,Voyage Unisex Square Sunglasses,₹709,₹1800,N/A,No,4.3,None,False,False,4.3 | 8.9k AD Voyage Unisex Square Sunglasses Sizes: L Rs. 709 Rs. 1800 (Rs. 1091 OFF) VIEW SIMILAR wishlist Select a size L,https://www.myntra.com/sunglasses/voyage/voyage-unisex-square-sunglasses-58157mg2970/10748540/buy
Myntra,sunglasses,1,HRX by Hrithik Roshan Men Sunglasses,₹803,₹2897,72% off,No,N/A,None,False,True,HRX by Hrithik Roshan Men Sunglasses Sizes: S Rs. 803 Rs. 2897 (72% OFF) VIEW SIMILAR wishlist Select a size S,https://www.myntra.com/sunglasses/hrx+by+hrithik+roshan/hrx-by-hrithik-roshan-men-blue-lens--gunmetal-toned-aviator-sunglasses-with/39839266/buy
Myntra,sunglasses,1,SPADEACES UV Protected Aviator Sunglass,₹446,₹999,55% off,No,4.1,None,False,False,4.1 | 253 SPADEACES UV Protected Aviator Sunglass Sizes: M Rs. 446 Rs. 999 (55% OFF) VIEW SIMILAR wishlist Select a size M,https://www.myntra.com/sunglasses/spadeaces/spadeaces-men-aviator-sunglasses-with-uv-protected-lens-silver-blue-rockk-squareeg/36285728/buy
Myntra,sunglasses,1,Bershka Oval plastic sunglasses,₹1050,N/A,N/A,N/A,4.8,None,False,False,4.8 | 16 AD Bershka Oval plastic sunglasses Sizes: M Rs. 1050 VIEW SIMILAR wishlist Select a size M,https://www.myntra.com/sunglasses/bershka/bershka-oval-plastic-sunglasses/39706976/buy
Myntra,sunglasses,1,HRX by Hrithik Roshan Unisex Square Sunglasses,₹671,₹2399,72% off,No,4.8,None,False,True,4.8 | 11 HRX by Hrithik Roshan Unisex Square Sunglasses Sizes: S Rs. 671 Rs. 2399 (72% OFF) VIEW SIMILAR wishlist Select a size S,https://www.myntra.com/sunglasses/hrx+by+hrithik+roshan/hrx-by-hrithik-roshan-unisex-uv-protected-lens-square-sunglasses/41532885/buy
Myntra,sunglasses,1,Jiebo Men Square Sunglasses,₹299,₹1599,81% off,No,N/A,None,False,True,3 | 6 Jiebo Men Square Sunglasses Sizes: L Rs. 299 Rs. 1599 (81% OFF) VIEW SIMILAR wishlist Select a size L,https://www.myntra.com/sunglasses/jiebo/jiebo-men-green-lens--black-square-sunglasses-with/36668876/buy
Myntra,sunglasses,1,Voyage UV Protected Lens Sunglasses,₹810,₹3000,73% off,No,4.4,None,False,True,4.4 | 403 AD Voyage UV Protected Lens Sunglasses Sizes: L Rs. 810 Rs. 3000 (73% OFF) VIEW SIMILAR wishlist Select a size L,https://www.myntra.com/sunglasses/voyage/voyage-lens-wayfarer-sunglasses-with-polarised-and-uv-protected-lens-952pmg4114/23580092/buy
Myntra,sunglasses,1,H&M Oval Sunglasses,₹1299,N/A,N/A,N/A,4.1,None,False,False,4.1 | 19 NEW H&M Oval Sunglasses Sizes: M Rs. 1299 VIEW SIMILAR wishlist Select a size M,https://www.myntra.com/sunglasses/h%26m/hm-oval-sunglasses/42121939/buy
Myntra,sunglasses,1,Mast & Harbour Men Aviator Sunglasses,₹459,₹1999,N/A,No,N/A,None,False,False,4 | 61 Mast & Harbour Men Aviator Sunglasses Sizes: L Rs. 459 Rs. 1999 (Rs. 1540 OFF) VIEW SIMILAR wishlist Select a size L,https://www.myntra.com/sunglasses/mast+%26+harbour/mast--harbour-men-aviator-sunglasses-with-uv-protected-lens-mast-666/35519434/buy
Myntra,sunglasses,1,OKNO Unisex Square Sunglasses,₹951,₹3599,74% off,No,4.4,None,False,True,4.4 | 112 AD OKNO Unisex Square Sunglasses Sizes: L Rs. 951 Rs. 3599 (74% OFF) VIEW SIMILAR wishlist Select a size L,https://www.myntra.com/sunglasses/okno/okno-unisex-square-sunglasses-with-polarised-and-uv-protected-lens/24365746/buy
Myntra,sunglasses,1,H&M Sunglasses,₹599,N/A,N/A,N/A,N/A,Only Few Left,True,False,NEW H&M Sunglasses Sizes: M Rs. 599 Only Few Left! VIEW SIMILAR wishlist Select a size M,https://www.myntra.com/sunglasses/h%26m/hm-sunglasses/42121984/buy
Myntra,sunglasses,1,Disney Kids UV Protected Sunglasses,₹319,₹399,20% off,No,4.8,None,False,False,4.8 | 25 Disney Kids UV Protected Sunglasses Sizes: S Rs. 319 Rs. 399 (20% OFF) VIEW SIMILAR wishlist Select a size S,https://www.myntra.com/sunglasses/disney/disney-kids-oval-sunglasses-with-uv-protected-lens-tcsg0019/33664183/buy
Myntra,sunglasses,1,Voyage Unisex Rectangle Sunglasses with Polarised and UV,₹930,₹3000,69% off,No,4.3,None,False,False,4.3 | 159 AD Voyage Unisex Rectangle Sunglasses with Polarised and UV Sizes: M Rs. 930 Rs. 3000 (69% OFF) VIEW SIMILAR wishlist Select a size M,https://www.myntra.com/sunglasses/voyage/voyage-unisex-rectangle-sunglasses-with-polarised-and-uv-protected-lens/31642533/buy
Myntra,sunglasses,1,GYNK Men Sunglasses,₹499,₹2999,83% off,No,3.6,None,False,True,3.6 | 41 GYNK Men Sunglasses Sizes: M Rs. 499 Rs. 2999 (83% OFF) VIEW SIMILAR wishlist Select a size M,https://www.myntra.com/sunglasses/gynk/gynk-men-mirrored-lens--white-sports-sunglasses-with/39615781/buy
Myntra,sunglasses,1,Voyage Sunglasses-UV Protected Lens,₹780,₹3000,74% off,No,4.4,None,False,True,4.4 | 391 AD Voyage Sunglasses-UV Protected Lens Sizes: L Rs. 780 Rs. 3000 (74% OFF) VIEW SIMILAR wishlist Select a size L,https://www.myntra.com/sunglasses/voyage/voyage-wayfarer-sunglasses-with-uv-protected-lens-86575mg3913/21299952/buy
Myntra,sunglasses,1,HAYDEN haiza Oval Sunglasses,₹329,₹599,45% off,No,4.5,None,False,False,4.5 | 1.1k HAYDEN haiza Oval Sunglasses Sizes: M Rs. 329 Rs. 599 (45% OFF) VIEW SIMILAR wishlist Select a size M,https://www.myntra.com/sunglasses/hayden+haiza/hayden-haiza-oval-sunglasses-with-uv-protected-lens/32718236/buy
Myntra,sunglasses,1,Artrue Unisex Sunglasses,₹329,₹1599,79% off,No,4.4,None,False,True,4.4 | 208 Artrue Unisex Sunglasses Sizes: M Rs. 329 Rs. 1599 (79% OFF) VIEW SIMILAR wishlist Select a size M,https://www.myntra.com/sunglasses/artrue/artrue-unisex-black-lens--silver-toned-aviator-sunglasses-with/39389380/buy
Myntra,sunglasses,1,Fastrack Women Cateye Sunglasses,₹975,₹1300,25% off,No,4.7,None,False,False,4.7 | 77 AD Fastrack Women Cateye Sunglasses Sizes: L Rs. 975 Rs. 1300 (25% OFF) VIEW SIMILAR wishlist Select a size L,https://www.myntra.com/sunglasses/fastrack/fastrack-women-cateye-sunglasses-with-uv-protected-lens-p381br1fv/30439248/buy
Myntra,sunglasses,1,OUDI Women Cateye Sunglasses,₹899,₹3539,75% off,No,N/A,None,False,True,OUDI Women Cateye Sunglasses Sizes: M Rs. 899 Rs. 3539 (75% OFF) VIEW SIMILAR wishlist Select a size M,https://www.myntra.com/sunglasses/oudi/oudi-women-clear-lens--black-cateye-sunglasses-ougla818120191258/37579604/buy
Myntra,sunglasses,1,CORSICA Women Sunglasses,₹539,₹999,46% off,No,N/A,None,False,False,CORSICA Women Sunglasses Sizes: M Rs. 539 Rs. 999 (46% OFF) VIEW SIMILAR wishlist Select a size M,https://www.myntra.com/sunglasses/corsica/corsica-women-brown-lens--gold-toned-cateye-sunglasses-with/42099993/buy
Myntra,sunglasses,1,Fastrack Men Square Sunglasses,₹712,₹950,25% off,No,4.1,Only Few Left,True,False,4.1 | 94 AD Fastrack Men Square Sunglasses Sizes: M Rs. 712 Rs. 950 (25% OFF) Only Few Left! VIEW SIMILAR wishlist Select a size M,https://www.myntra.com/sunglasses/fastrack/fastrack-men-square-sunglasses-with-uv-protected-lens-p357bk1v/30439284/buy
Myntra,sunglasses,1,IFLASH Unisex Round Sunglasses,₹299,₹1999,85% off,No,4.2,None,False,True,4.2 | 170 IFLASH Unisex Round Sunglasses Sizes: M Rs. 299 Rs. 1999 (85% OFF) VIEW SIMILAR wishlist Select a size M,https://www.myntra.com/sunglasses/iflash/iflash-unisex-round-sunglasses-with-uv-protected-lens-5888/36038549/buy
Myntra,sunglasses,1,H&M Oval Sunglasses,₹799,N/A,N/A,N/A,4.5,None,False,False,4.5 | 1.4k H&M Oval Sunglasses Sizes: M Rs. 799 VIEW SIMILAR wishlist Select a size M,https://www.myntra.com/sunglasses/h%26m/hm-oval-sunglasses-1274378001/33864937/buy
Myntra,sunglasses,1,Voyage Women Oval Sunglasses,₹660,₹3000,78% off,No,4.3,None,False,True,4.3 | 280 AD Voyage Women Oval Sunglasses Sizes: M Rs. 660 Rs. 3000 (78% OFF) VIEW SIMILAR wishlist Select a size M,https://www.myntra.com/sunglasses/voyage/voyage-women-oval-sunglasses-with-uv-protected-lens-g15059mg4225/24054908/buy
Myntra,sunglasses,1,SPADEACES Men Square Sunglasses,₹341,₹999,66% off,No,4.2,None,False,False,4.2 | 167 SPADEACES Men Square Sunglasses Sizes: L Rs. 341 Rs. 999 (66% OFF) VIEW SIMILAR wishlist Select a size L,https://www.myntra.com/sunglasses/spadeaces/spadeaces-men-square-sunglasses-with-uv-protected-lens-sp-karan-gold-black/33776571/buy
Myntra,sunglasses,1,HAYDEN haiza Women Square Sunglasses,₹275,₹1999,86% off,No,N/A,None,False,True,4 | 384 HAYDEN haiza Women Square Sunglasses Sizes: M Rs. 275 Rs. 1999 (86% OFF) VIEW SIMILAR wishlist Select a size M,https://www.myntra.com/sunglasses/hayden+haiza/hayden-haiza-women-uv-protected-lens-square-sunglasses-rl-1/37528467/buy
Myntra,sunglasses,1,Voyage Unisex Wayfarer Sunglasses with UV Protected Lens,₹780,₹3000,74% off,No,4.4,None,False,True,4.4 | 3.2k AD Voyage Unisex Wayfarer Sunglasses with UV Protected Lens Sizes: L Rs. 780 Rs. 3000 (74% OFF) VIEW SIMILAR wishlist Select a size L,https://www.myntra.com/sunglasses/voyage/voyage-unisex-black-lens--black-wayfarer-sunglasses-with-uv-protected-lens/18809060/buy
Myntra,sunglasses,2,Voyage UV Protected Lens Sunglasses,₹809,₹3000,N/A,No,N/A,None,False,False,4 | 115 AD Voyage UV Protected Lens Sunglasses Sizes: M Rs. 809 Rs. 3000 (Rs. 2191 OFF) VIEW SIMILAR wishlist Select a size M,https://www.myntra.com/sunglasses/voyage/voyage-gunmetal-toned-wayfarer-sunglasses-with-polarised-and-uv-protected-lens-19072mg4142/23580180/buy
Myntra,sunglasses,2,Voyage Unisex Square Sunglasses,₹722,₹1800,N/A,No,4.4,None,False,False,4.4 | 3.6k AD Voyage Unisex Square Sunglasses Sizes: S Rs. 722 Rs. 1800 (Rs. 1078 OFF) VIEW SIMILAR wishlist Select a size S,https://www.myntra.com/sunglasses/voyage/voyage-unisex-square-sunglasses-8926mg2778/10392515/buy
Myntra,sunglasses,2,Voyage Unisex Round UV Sunglasses,₹900,₹3000,70% off,No,4.3,None,False,True,4.3 | 332 AD Voyage Unisex Round UV Sunglasses Sizes: S Rs. 900 Rs. 3000 (70% OFF) VIEW SIMILAR wishlist Select a size S,https://www.myntra.com/sunglasses/voyage/voyage-unisex-round-polarized-sunglasses-3040pmg3981b/32581623/buy
Myntra,sunglasses,2,MANGO Women Round Sunglasses,₹777,₹2590,70% off,No,N/A,Only Few Left,True,True,AD MANGO Women Round Sunglasses Sizes: M Rs. 777 Rs. 2590 (70% OFF) Only Few Left! VIEW SIMILAR wishlist Select a size M,https://www.myntra.com/sunglasses/mango/mango-women-round-sunglasses-with-uv-protected-lens---17012544/35410824/buy
Myntra,sunglasses,2,Voyage Unisex Round Sunglasses,₹702,₹1800,61% off,No,N/A,Only Few Left,True,False,4 | 47 AD Voyage Unisex Round Sunglasses Sizes: M Rs. 702 Rs. 1800 (61% OFF) Only Few Left! VIEW SIMILAR wishlist Select a size M,https://www.myntra.com/sunglasses/voyage/voyage-unisex-round-sunglasses/10748658/buy
Myntra,sunglasses,2,Voyage Unisex Wayfarer Sunglasses with UV Protected Lens,₹990,₹3000,67% off,No,4.3,None,False,False,4.3 | 146 AD Voyage Unisex Wayfarer Sunglasses with UV Protected Lens Sizes: M Rs. 990 Rs. 3000 (67% OFF) VIEW SIMILAR wishlist Select a size M,https://www.myntra.com/sunglasses/voyage/voyage-unisex-wayfarer-sunglasses-with-uv-protected-lens-58243mg4164/23523390/buy
Myntra,sunglasses,2,Voyage Women Oval Sunglasses,₹854,₹3000,72% off,No,4.4,None,False,True,4.4 | 95 AD Voyage Women Oval Sunglasses Sizes: L Rs. 854 Rs. 3000 (72% OFF) VIEW SIMILAR wishlist Select a size L,https://www.myntra.com/sunglasses/voyage/voyage-women-oval-sunglasses-with-uv-protected-lens-a3173wmg6891/36538677/buy
